dataset,seed,method,method_type,feature_dim,accuracy,f1_macro,encoding_s,training_s,total_s,overhead_ratio,encoding_peak_mb,training_peak_mb
wine,7,amplitude,qie_sklearn,16,0.583333,0.462668,0.000273,0.005508,0.005781,0.04722366372599897,0.051368,0.070945
wine,42,amplitude,qie_sklearn,16,0.666667,0.536364,0.000275,0.00515,0.005425,0.05069124423963134,0.051368,0.069018
wine,99,amplitude,qie_sklearn,16,0.611111,0.488889,0.00027,0.005435,0.005704,0.047335203366058905,0.051368,0.071486
wine,1337,amplitude,qie_sklearn,16,0.583333,0.462668,0.000267,0.005661,0.005928,0.04504048582995951,0.051368,0.071479
wine,2026,amplitude,qie_sklearn,16,0.694444,0.558157,0.000272,0.004821,0.005093,0.05340663655998429,0.051368,0.069073
wine,7,angle,qie_sklearn,26,0.916667,0.918167,0.000164,0.006049,0.006214,0.026392018023817188,0.106128,0.066231
wine,42,angle,qie_sklearn,26,1.0,1.0,0.000174,0.006559,0.006733,0.02584286350809446,0.106128,0.067882
wine,99,angle,qie_sklearn,26,1.0,1.0,0.000167,0.011825,0.011991,0.013927112000667166,0.106128,0.06943
wine,1337,angle,qie_sklearn,26,0.972222,0.974013,0.000167,0.0063,0.006467,0.02582341116437297,0.106128,0.069249
wine,2026,angle,qie_sklearn,26,0.972222,0.974321,0.000172,0.005491,0.005664,0.03036723163841808,0.106128,0.066953
wine,7,basis,qie_sklearn,104,0.916667,0.919312,0.000193,0.007682,0.007875,0.024507936507936506,0.164358,0.260798
wine,42,basis,qie_sklearn,104,0.916667,0.915147,0.000201,0.008318,0.008519,0.02359431858199319,0.164358,0.263452
wine,99,basis,qie_sklearn,104,0.944444,0.947475,0.000209,0.007494,0.007702,0.027135808880810183,0.164304,0.263231
wine,1337,basis,qie_sklearn,104,0.888889,0.890993,0.000199,0.006724,0.006923,0.02874476383070923,0.164358,0.262882
wine,2026,basis,qie_sklearn,104,0.916667,0.919778,0.000233,0.011125,0.011358,0.020514175030815283,0.164358,0.26092
wine,7,amplitude_torch,qie_torch,16,0.388889,0.186667,,,0.200939,,,18.119168
wine,42,amplitude_torch,qie_torch,16,0.333333,0.166667,,,0.191905,,,18.119168
wine,99,amplitude_torch,qie_torch,16,0.388889,0.186667,,,0.195577,,,18.119168
wine,1337,amplitude_torch,qie_torch,16,0.388889,0.186667,,,0.192026,,,18.119168
wine,2026,amplitude_torch,qie_torch,16,0.388889,0.186667,,,0.192026,,,18.119168
wine,7,angle_torch,qie_torch,26,0.916667,0.908918,,,0.035977,,,18.131968
wine,42,angle_torch,qie_torch,26,0.916667,0.920196,,,0.035926,,,18.131968
wine,99,angle_torch,qie_torch,26,1.0,1.0,,,0.03818,,,18.131968
wine,1337,angle_torch,qie_torch,26,0.916667,0.920196,,,0.036714,,,18.131968
wine,2026,angle_torch,qie_torch,26,0.972222,0.974321,,,0.039466,,,18.131968
wine,7,basis_torch,qie_torch,104,0.722222,0.723906,,,0.068213,,,18.235392
wine,42,basis_torch,qie_torch,104,0.75,0.721111,,,0.036046,,,18.235392
wine,99,basis_torch,qie_torch,104,0.694444,0.655807,,,0.06691,,,18.235392
wine,1337,basis_torch,qie_torch,104,0.805556,0.79085,,,0.05578,,,18.235392
wine,2026,basis_torch,qie_torch,104,0.805556,0.806782,,,0.069381,,,18.235392
wine,7,raw_linear,baseline_sklearn,13,0.972222,0.971781,0.000734,0.003865,0.004598,0.15963462374945628,0.035764,0.050815
wine,42,raw_linear,baseline_sklearn,13,0.972222,0.970962,0.000764,0.004189,0.004953,0.15424994952554008,0.035872,0.050946
wine,99,raw_linear,baseline_sklearn,13,1.0,1.0,0.000737,0.004399,0.005135,0.14352482960077897,0.035872,0.051468
wine,1337,raw_linear,baseline_sklearn,13,0.972222,0.970962,0.000742,0.004183,0.004925,0.15065989847715738,0.035872,0.051645
wine,2026,raw_linear,baseline_sklearn,13,0.972222,0.974321,0.000815,0.004159,0.004974,0.1638520305589063,0.035872,0.051566
wine,7,rff,baseline_sklearn,26,0.916667,0.919341,0.002682,0.003791,0.006473,0.41433647458674494,0.087113,0.06265
wine,42,rff,baseline_sklearn,26,0.888889,0.889744,0.00273,0.003944,0.006675,0.4089887640449438,0.087703,0.063342
wine,99,rff,baseline_sklearn,26,0.916667,0.914141,0.002701,0.003603,0.006304,0.42845812182741116,0.087653,0.062802
wine,1337,rff,baseline_sklearn,26,0.861111,0.869429,0.002713,0.003726,0.00644,0.4212732919254658,0.087761,0.063455
wine,2026,rff,baseline_sklearn,26,0.861111,0.86303,0.00272,0.003827,0.006547,0.41545746143271733,0.087541,0.063509
wine,7,poly2,baseline_sklearn,104,0.972222,0.971781,0.002702,0.005146,0.007847,0.34433541480820695,0.329894,0.141101
wine,42,poly2,baseline_sklearn,104,0.916667,0.915147,0.002756,0.006097,0.008853,0.3113069016152717,0.330164,0.142039
wine,99,poly2,baseline_sklearn,104,1.0,1.0,0.002691,0.006278,0.008969,0.3000334485449883,0.330218,0.142049
wine,1337,poly2,baseline_sklearn,104,0.972222,0.970962,0.002685,0.005521,0.008206,0.3271996100414331,0.330164,0.141026
wine,2026,poly2,baseline_sklearn,104,0.944444,0.948718,0.002809,0.006518,0.009327,0.3011686501554626,0.33011,0.142044
wine,7,poly3,baseline_sklearn,559,0.944444,0.944056,0.004256,0.008868,0.013124,0.32429137458092044,1.455168,0.599684
wine,42,poly3,baseline_sklearn,559,0.916667,0.915147,0.004285,0.040975,0.04526,0.09467520989836499,1.455384,0.59983
wine,99,poly3,baseline_sklearn,559,1.0,1.0,0.004214,0.011659,0.015873,0.26548226548226544,1.455384,0.601187
wine,1337,poly3,baseline_sklearn,559,0.944444,0.940741,0.004416,0.009789,0.014206,0.3108545684921864,1.455492,0.598872
wine,2026,poly3,baseline_sklearn,559,0.944444,0.948718,0.004392,0.009562,0.013954,0.31474845922316186,1.455438,0.599476
wine,7,pca,baseline_sklearn,12,0.916667,0.919341,0.00081,0.061515,0.062325,0.01299638989169675,0.032556,0.049029
wine,42,pca,baseline_sklearn,12,0.944444,0.940741,0.000807,0.056332,0.057139,0.014123453333099983,0.032664,0.050655
wine,99,pca,baseline_sklearn,12,0.972222,0.974321,0.000816,0.075361,0.076177,0.010711894666369114,0.032718,0.048463
wine,1337,pca,baseline_sklearn,12,0.916667,0.916212,0.000812,0.093954,0.094766,0.008568473925247452,0.032718,0.048787
wine,2026,pca,baseline_sklearn,12,0.888889,0.894137,0.000831,0.060959,0.06179,0.013448778119436804,0.03261,0.049593
wine,7,rbf_svm,baseline_sklearn,13,0.944444,0.945741,0.0,0.003445,0.003445,0.0,0.0,0.041999
wine,42,rbf_svm,baseline_sklearn,13,0.972222,0.970962,0.0,0.035857,0.035857,0.0,0.0,0.042377
wine,99,rbf_svm,baseline_sklearn,13,1.0,1.0,0.0,0.00342,0.00342,0.0,0.0,0.042485
wine,1337,rbf_svm,baseline_sklearn,13,0.944444,0.945741,0.0,0.003306,0.003306,0.0,0.0,0.042485
wine,2026,rbf_svm,baseline_sklearn,13,0.972222,0.970962,0.0,0.003753,0.003753,0.0,0.0,0.04221
wine,7,mlp,baseline_sklearn,13,0.944444,0.945825,0.0,0.191385,0.191385,0.0,0.0,2.894009
wine,42,mlp,baseline_sklearn,13,0.916667,0.916212,0.0,0.500149,0.500149,0.0,0.0,2.897356
wine,99,mlp,baseline_sklearn,13,1.0,1.0,0.0,0.757874,0.757874,0.0,0.0,2.89934
wine,1337,mlp,baseline_sklearn,13,0.972222,0.974013,0.0,0.261355,0.261355,0.0,0.0,2.898916
wine,2026,mlp,baseline_sklearn,13,0.861111,0.869446,0.0,0.468655,0.468655,0.0,0.0,2.897147
wine,7,torch_mlp,baseline_torch,13,0.916667,0.918167,,,0.146639,,,18.774528
wine,42,torch_mlp,baseline_torch,13,0.972222,0.970962,,,0.137354,,,18.774528
wine,99,torch_mlp,baseline_torch,13,1.0,1.0,,,0.069685,,,18.774528
wine,1337,torch_mlp,baseline_torch,13,0.972222,0.970962,,,0.146584,,,18.774528
wine,2026,torch_mlp,baseline_torch,13,0.944444,0.948718,,,0.068299,,,18.774528
breast_cancer,7,amplitude,qie_sklearn,32,0.798246,0.742613,0.000398,0.004043,0.004441,0.08961945507768522,0.341072,0.06597
breast_cancer,42,amplitude,qie_sklearn,32,0.789474,0.728571,0.000396,0.004026,0.004421,0.08957249491065371,0.341072,0.065159
breast_cancer,99,amplitude,qie_sklearn,32,0.745614,0.652549,0.000395,0.00449,0.004885,0.08085977482088025,0.341072,0.066913
breast_cancer,1337,amplitude,qie_sklearn,32,0.798246,0.742613,0.0004,0.003858,0.004258,0.09394081728511039,0.341072,0.065673
breast_cancer,2026,amplitude,qie_sklearn,32,0.763158,0.684211,0.00039,0.004466,0.004855,0.08032955715756951,0.341072,0.067298
breast_cancer,7,angle,qie_sklearn,60,0.973684,0.971583,0.000861,0.005096,0.005956,0.14456010745466755,0.767456,0.0642
breast_cancer,42,angle,qie_sklearn,60,0.964912,0.962302,0.000625,0.004518,0.005143,0.12152440209994167,0.767456,0.064509
breast_cancer,99,angle,qie_sklearn,60,0.964912,0.962302,0.000624,0.005831,0.006455,0.09666924864446166,0.767456,0.065875
breast_cancer,1337,angle,qie_sklearn,60,1.0,1.0,0.000636,0.005796,0.006432,0.09888059701492537,0.767456,0.063552
breast_cancer,2026,angle,qie_sklearn,60,0.982456,0.981151,0.000608,0.004484,0.005092,0.11940298507462686,0.767456,0.064706
breast_cancer,7,basis,qie_sklearn,240,0.938596,0.934947,0.000686,0.008091,0.008777,0.07815882419961262,1.149074,0.993941
breast_cancer,42,basis,qie_sklearn,240,0.947368,0.942867,0.000585,0.006872,0.007457,0.07844977873139332,1.149074,0.991694
breast_cancer,99,basis,qie_sklearn,240,0.947368,0.942867,0.000589,0.007355,0.007944,0.07414400805639476,1.149074,0.993317
breast_cancer,1337,basis,qie_sklearn,240,0.938596,0.932981,0.000669,0.009147,0.009816,0.06815403422982885,1.149074,0.994458
breast_cancer,2026,basis,qie_sklearn,240,0.929825,0.924603,0.000603,0.010998,0.011601,0.051978277734678044,1.149074,0.991566
breast_cancer,7,amplitude_torch,qie_torch,32,0.631579,0.387097,,,0.225877,,,18.209792
breast_cancer,42,amplitude_torch,qie_torch,32,0.631579,0.387097,,,0.22831,,,18.209792
breast_cancer,99,amplitude_torch,qie_torch,32,0.631579,0.387097,,,0.229464,,,18.209792
breast_cancer,1337,amplitude_torch,qie_torch,32,0.631579,0.387097,,,0.224132,,,18.209792
breast_cancer,2026,amplitude_torch,qie_torch,32,0.631579,0.387097,,,0.22389,,,18.209792
breast_cancer,7,angle_torch,qie_torch,60,0.947368,0.94223,,,0.06907,,,18.302464
breast_cancer,42,angle_torch,qie_torch,60,0.947368,0.94223,,,0.072433,,,18.302464
breast_cancer,99,angle_torch,qie_torch,60,0.947368,0.941538,,,0.072286,,,18.302464
breast_cancer,1337,angle_torch,qie_torch,60,0.964912,0.961486,,,0.070461,,,18.302464
breast_cancer,2026,angle_torch,qie_torch,60,0.938596,0.933693,,,0.070376,,,18.302464
breast_cancer,7,basis_torch,qie_torch,240,0.921053,0.914749,,,0.069833,,,18.900992
breast_cancer,42,basis_torch,qie_torch,240,0.903509,0.894684,,,0.070735,,,18.900992
breast_cancer,99,basis_torch,qie_torch,240,0.912281,0.903716,,,0.072278,,,18.900992
breast_cancer,1337,basis_torch,qie_torch,240,0.912281,0.902564,,,0.086152,,,18.900992
breast_cancer,2026,basis_torch,qie_torch,240,0.877193,0.866689,,,0.068431,,,18.900992
breast_cancer,7,raw_linear,baseline_sklearn,30,0.964912,0.96266,0.000837,0.003965,0.004803,0.17426608369768895,0.19398,0.051383
breast_cancer,42,raw_linear,baseline_sklearn,30,0.982456,0.981151,0.000817,0.007963,0.008781,0.09304179478419314,0.19398,0.050817
breast_cancer,99,raw_linear,baseline_sklearn,30,0.95614,0.953106,0.000877,0.00872,0.009597,0.09138272376784412,0.19398,0.051594
breast_cancer,1337,raw_linear,baseline_sklearn,30,0.991228,0.990528,0.000896,0.004888,0.005784,0.15491009681881052,0.19398,0.051162
breast_cancer,2026,raw_linear,baseline_sklearn,30,0.973684,0.971583,0.000848,0.004029,0.004877,0.17387738363748206,0.19398,0.051329
breast_cancer,7,rff,baseline_sklearn,60,0.903509,0.893467,0.003196,0.017228,0.020424,0.15648256952604778,0.419173,0.059769
breast_cancer,42,rff,baseline_sklearn,60,0.929825,0.923822,0.003313,0.003169,0.006481,0.5111865452862213,0.418952,0.059877
breast_cancer,99,rff,baseline_sklearn,60,0.938596,0.932206,0.004348,0.003871,0.008219,0.5290181287261224,0.419011,0.060157
breast_cancer,1337,rff,baseline_sklearn,60,0.947368,0.94223,0.004444,0.004308,0.008752,0.5077696526508227,0.418799,0.059887
breast_cancer,2026,rff,baseline_sklearn,60,0.912281,0.907468,0.003662,0.003057,0.00672,0.5449404761904761,0.419119,0.059425
breast_cancer,7,poly2,baseline_sklearn,495,0.964912,0.962987,0.005988,0.009833,0.015821,0.37848429302825354,3.931473,0.200522
breast_cancer,42,poly2,baseline_sklearn,495,0.982456,0.981151,0.006038,0.009291,0.015329,0.3938939265444582,3.931635,0.200557
breast_cancer,99,poly2,baseline_sklearn,495,0.95614,0.953534,0.006333,0.009663,0.015996,0.3959114778694674,3.931581,0.202175
breast_cancer,1337,poly2,baseline_sklearn,495,0.991228,0.990621,0.009737,0.011439,0.021176,0.45981299584435215,3.931527,0.200832
breast_cancer,2026,poly2,baseline_sklearn,495,0.95614,0.953106,0.006126,0.010951,0.017077,0.3587281138373251,3.931527,0.200375
breast_cancer,7,poly3,baseline_sklearn,5455,0.95614,0.953925,0.025218,9.660764,9.685981,0.002603556624775539,42.900441,1.829067
breast_cancer,42,poly3,baseline_sklearn,5455,0.95614,0.953534,0.024033,9.35064,9.374673,0.002563609418696524,42.900549,1.827458
breast_cancer,99,poly3,baseline_sklearn,5455,0.95614,0.953534,0.025075,9.147112,9.172187,0.002733808196453038,42.900603,1.826868
breast_cancer,1337,poly3,baseline_sklearn,5455,0.973684,0.97212,0.025339,11.106719,11.132058,0.0022762188267434467,42.900279,1.829561
breast_cancer,2026,poly3,baseline_sklearn,5455,0.947368,0.94399,0.026341,10.760086,10.786427,0.0024420505511231847,42.900387,1.82561
breast_cancer,7,pca,baseline_sklearn,29,0.95614,0.953534,0.001339,0.131082,0.132421,0.010111689233580775,0.182754,0.049834
breast_cancer,42,pca,baseline_sklearn,29,0.964912,0.961911,0.001052,0.1362,0.137252,0.0076647334829364954,0.182862,0.050104
breast_cancer,99,pca,baseline_sklearn,29,0.929825,0.924603,0.002156,0.122856,0.125012,0.017246344350942307,0.182754,0.049819
breast_cancer,1337,pca,baseline_sklearn,29,0.947368,0.943452,0.001554,0.137579,0.139133,0.011169169068445301,0.18297,0.049534
breast_cancer,2026,pca,baseline_sklearn,29,0.95614,0.953534,0.001325,0.125307,0.126632,0.010463389980415693,0.182646,0.049583
breast_cancer,7,rbf_svm,baseline_sklearn,30,0.95614,0.953534,0.0,0.004728,0.004728,0.0,0.0,0.233851
breast_cancer,42,rbf_svm,baseline_sklearn,30,0.982456,0.981151,0.0,0.004642,0.004642,0.0,0.0,0.234337
breast_cancer,99,rbf_svm,baseline_sklearn,30,0.973684,0.971583,0.0,0.004719,0.004719,0.0,0.0,0.234283
breast_cancer,1337,rbf_svm,baseline_sklearn,30,0.982456,0.981151,0.0,0.004775,0.004775,0.0,0.0,0.234229
breast_cancer,2026,rbf_svm,baseline_sklearn,30,0.964912,0.96266,0.0,0.004725,0.004725,0.0,0.0,0.234337
breast_cancer,7,mlp,baseline_sklearn,30,0.947368,0.942867,0.0,1.464864,1.464864,0.0,0.0,3.859414
breast_cancer,42,mlp,baseline_sklearn,30,0.929825,0.923822,0.0,0.856067,0.856067,0.0,0.0,3.858433
breast_cancer,99,mlp,baseline_sklearn,30,0.964912,0.96266,0.0,2.687205,2.687205,0.0,0.0,3.866581
breast_cancer,1337,mlp,baseline_sklearn,30,0.973684,0.971583,0.0,3.27022,3.27022,0.0,0.0,3.870265
breast_cancer,2026,mlp,baseline_sklearn,30,0.964912,0.962302,0.0,1.969659,1.969659,0.0,0.0,3.859968
breast_cancer,7,torch_mlp,baseline_torch,30,1.0,1.0,,,0.204178,,,19.087872
breast_cancer,42,torch_mlp,baseline_torch,30,0.95614,0.953534,,,0.185799,,,19.087872
breast_cancer,99,torch_mlp,baseline_torch,30,0.964912,0.96266,,,0.117136,,,19.087872
breast_cancer,1337,torch_mlp,baseline_torch,30,0.982456,0.981151,,,0.201116,,,19.087872
breast_cancer,2026,torch_mlp,baseline_torch,30,0.973684,0.971583,,,0.203292,,,19.087872
dry_bean,7,amplitude,qie_sklearn,16,0.260375,0.059024,0.002233,0.024122,0.026356,0.08472454090150251,3.02856,1.476123
dry_bean,42,amplitude,qie_sklearn,16,0.260375,0.059024,0.001996,0.027029,0.029025,0.06876830318690784,3.02856,1.475996
dry_bean,99,amplitude,qie_sklearn,16,0.260375,0.059024,0.002106,0.0232,0.025306,0.08322137042598593,3.02856,1.474475
dry_bean,1337,amplitude,qie_sklearn,16,0.260375,0.059024,0.001976,0.021629,0.023605,0.08371107816140648,3.02856,1.475763
dry_bean,2026,amplitude,qie_sklearn,16,0.260375,0.059024,0.002024,0.029472,0.031496,0.06426212852425704,3.02856,1.476001
dry_bean,7,angle,qie_sklearn,32,0.927653,0.939086,0.008525,0.66957,0.678095,0.01257198475139914,9.75848,1.503994
dry_bean,42,angle,qie_sklearn,32,0.923614,0.934999,0.00808,0.807584,0.815664,0.00990603974185449,9.75848,1.501184
dry_bean,99,angle,qie_sklearn,32,0.929122,0.940182,0.008688,1.087965,1.096654,0.007922279953385479,9.75848,1.507519
dry_bean,1337,angle,qie_sklearn,32,0.917003,0.930508,0.008532,0.970105,0.978638,0.0087182390219877,9.75848,1.499869
dry_bean,2026,angle,qie_sklearn,32,0.92949,0.941322,0.008245,0.972713,0.980959,0.008405040373756702,9.75848,1.503837
dry_bean,7,basis,qie_sklearn,128,0.918472,0.93052,0.00622,12.28098,12.2872,0.0005062178527247867,14.63561,12.841217
dry_bean,42,basis,qie_sklearn,128,0.917003,0.927808,0.006169,11.340455,11.346624,0.0005436859457050837,14.635538,12.839266
dry_bean,99,basis,qie_sklearn,128,0.9148,0.926142,0.005513,10.067722,10.073235,0.0005472919077138575,14.635538,12.841483
dry_bean,1337,basis,qie_sklearn,128,0.913331,0.927015,0.006285,11.538133,11.544417,0.0005444190035754946,14.635538,12.83907
dry_bean,2026,basis,qie_sklearn,128,0.920676,0.931471,0.006581,11.984487,11.991068,0.0005488251755389928,14.635538,12.839998
dry_bean,7,amplitude_torch,qie_torch,16,0.260375,0.059024,,,1.452365,,,19.163648
dry_bean,42,amplitude_torch,qie_torch,16,0.260375,0.059024,,,1.447329,,,19.163648
dry_bean,99,amplitude_torch,qie_torch,16,0.260375,0.059024,,,1.536419,,,19.163648
dry_bean,1337,amplitude_torch,qie_torch,16,0.260375,0.059024,,,1.449568,,,19.163648
dry_bean,2026,amplitude_torch,qie_torch,16,0.260375,0.059024,,,1.571256,,,19.163648
dry_bean,7,angle_torch,qie_torch,32,0.916269,0.928723,,,1.384436,,,20.05248
dry_bean,42,angle_torch,qie_torch,32,0.914433,0.927494,,,1.416073,,,20.05248
dry_bean,99,angle_torch,qie_torch,32,0.915534,0.928318,,,1.512045,,,20.05248
dry_bean,1337,angle_torch,qie_torch,32,0.906721,0.921198,,,1.345953,,,20.05248
dry_bean,2026,angle_torch,qie_torch,32,0.919207,0.932825,,,1.375276,,,20.05248
dry_bean,7,basis_torch,qie_torch,128,0.908557,0.918686,,,1.35067,,,25.38496
dry_bean,42,basis_torch,qie_torch,128,0.911495,0.923639,,,1.31123,,,25.38496
dry_bean,99,basis_torch,qie_torch,128,0.907822,0.918487,,,1.427569,,,25.38496
dry_bean,1337,basis_torch,qie_torch,128,0.907822,0.921853,,,1.30445,,,25.38496
dry_bean,2026,basis_torch,qie_torch,128,0.912229,0.923221,,,1.367086,,,25.38496
dry_bean,7,raw_linear,baseline_sklearn,16,0.923981,0.936339,0.002017,0.143802,0.145819,0.013832216652150954,1.811446,1.461793
dry_bean,42,raw_linear,baseline_sklearn,16,0.920676,0.932897,0.002,0.104231,0.106231,0.01882689610377385,1.811392,1.459892
dry_bean,99,raw_linear,baseline_sklearn,16,0.926184,0.937442,0.002052,0.091015,0.093067,0.022048631630975535,1.811446,1.458722
dry_bean,1337,raw_linear,baseline_sklearn,16,0.912596,0.92629,0.001861,0.12384,0.125701,0.014804973707448628,1.811014,1.458266
dry_bean,2026,raw_linear,baseline_sklearn,16,0.925083,0.936852,0.001843,0.072292,0.074134,0.02486038794615156,1.811284,1.459027
dry_bean,7,rff,baseline_sklearn,32,0.921777,0.933774,0.015677,0.201611,0.217288,0.07214848496005301,4.261961,1.489584
dry_bean,42,rff,baseline_sklearn,32,0.914433,0.924045,0.009556,0.191163,0.200719,0.047608846197918483,4.261606,1.491152
dry_bean,99,rff,baseline_sklearn,32,0.924348,0.93544,0.010007,0.180016,0.190023,0.052662046173357964,4.261885,1.490283
dry_bean,1337,rff,baseline_sklearn,32,0.902314,0.914036,0.063221,0.127263,0.190484,0.3318966422376683,4.261237,1.489428
dry_bean,2026,rff,baseline_sklearn,32,0.914433,0.922839,0.056386,0.203278,0.259664,0.21714985519748597,4.261903,1.489948
dry_bean,7,poly2,baseline_sklearn,152,0.92545,0.937689,0.081948,10.195714,10.277662,0.007973408738290867,28.216356,1.74379
dry_bean,42,poly2,baseline_sklearn,152,0.921777,0.93349,0.082831,10.590703,10.673534,0.007760410001036208,28.21641,1.738644
dry_bean,99,poly2,baseline_sklearn,152,0.92949,0.94039,0.085762,10.689674,10.775436,0.007959028293611508,28.216356,1.737243
dry_bean,1337,poly2,baseline_sklearn,152,0.918105,0.93105,0.082055,12.800323,12.882378,0.00636955381995467,28.216086,1.736251
dry_bean,2026,poly2,baseline_sklearn,152,0.928755,0.940235,0.020039,11.070953,11.090992,0.0018067815755344518,28.21641,1.738747
dry_bean,7,poly3,baseline_sklearn,968,0.926184,0.93789,0.167131,216.243245,216.410376,0.0007722873694374062,179.30477,3.612975
dry_bean,42,poly3,baseline_sklearn,968,0.923981,0.935945,0.12782,246.173847,246.301667,0.0005189571047442403,179.304662,3.613398
dry_bean,99,poly3,baseline_sklearn,968,0.93206,0.942394,0.126274,193.976938,194.103212,0.0006505508007770628,179.304662,3.612282
dry_bean,1337,poly3,baseline_sklearn,968,0.922879,0.935207,0.200632,218.285468,218.4861,0.0009182826733599987,179.304446,3.611875
dry_bean,2026,poly3,baseline_sklearn,968,0.929122,0.940106,0.168618,225.949521,226.11814,0.0007457075314700536,179.304716,3.614071
dry_bean,7,pca,baseline_sklearn,15,0.906353,0.918043,0.002339,4.500054,4.502392,0.0005195016337982121,1.705322,1.455142
dry_bean,42,pca,baseline_sklearn,15,0.904884,0.918204,0.001827,4.213398,4.215225,0.0004334288205255947,1.70516,1.454921
dry_bean,99,pca,baseline_sklearn,15,0.908189,0.919027,0.001849,4.611255,4.613104,0.000400814722581585,1.705052,1.453938
dry_bean,1337,pca,baseline_sklearn,15,0.897539,0.911636,0.001616,4.708682,4.710298,0.0003430780812594023,1.705052,1.453364
dry_bean,2026,pca,baseline_sklearn,15,0.902314,0.914305,0.001649,4.525971,4.52762,0.0003642090104734938,1.705322,1.455334
dry_bean,7,rbf_svm,baseline_sklearn,16,0.929122,0.941522,0.0,0.398188,0.398188,0.0,0.0,2.886457
dry_bean,42,rbf_svm,baseline_sklearn,16,0.922145,0.934297,0.0,0.410448,0.410448,0.0,0.0,2.886637
dry_bean,99,rbf_svm,baseline_sklearn,16,0.934264,0.943892,0.0,0.409444,0.409444,0.0,0.0,2.886524
dry_bean,1337,rbf_svm,baseline_sklearn,16,0.92545,0.937061,0.0,0.401154,0.401154,0.0,0.0,2.886043
dry_bean,2026,rbf_svm,baseline_sklearn,16,0.93206,0.944105,0.0,0.398673,0.398673,0.0,0.0,2.886583
dry_bean,7,mlp,baseline_sklearn,16,0.930591,0.942319,0.0,30.081778,30.081778,0.0,0.0,9.756272
dry_bean,42,mlp,baseline_sklearn,16,0.922145,0.93392,0.0,60.881874,60.881874,0.0,0.0,9.762707
dry_bean,99,mlp,baseline_sklearn,16,0.935733,0.945368,0.0,34.767829,34.767829,0.0,0.0,9.757402
dry_bean,1337,mlp,baseline_sklearn,16,0.924715,0.937122,0.0,68.30238,68.30238,0.0,0.0,9.759202
dry_bean,2026,mlp,baseline_sklearn,16,0.928021,0.940476,0.0,29.171244,29.171244,0.0,0.0,9.720661
dry_bean,7,torch_mlp,baseline_torch,16,0.935365,0.946601,,,2.303144,,,20.013056
dry_bean,42,torch_mlp,baseline_torch,16,0.92949,0.939999,,,2.186279,,,20.013056
dry_bean,99,torch_mlp,baseline_torch,16,0.933896,0.945496,,,2.260342,,,20.013056
dry_bean,1337,torch_mlp,baseline_torch,16,0.920308,0.932423,,,2.110339,,,20.013056
dry_bean,2026,torch_mlp,baseline_torch,16,0.927286,0.93907,,,2.203508,,,20.013056
credit_card_fraud,7,amplitude,qie_sklearn,32,0.998859,0.769218,0.04478,1.174964,1.219744,0.03671262166487394,165.873712,7.570971
credit_card_fraud,42,amplitude,qie_sklearn,32,0.998754,0.747915,0.042971,0.977806,1.020777,0.04209636384832339,165.873712,7.570277
credit_card_fraud,99,amplitude,qie_sklearn,32,0.998929,0.78342,0.044845,1.23024,1.275085,0.035170204339318556,165.873712,7.570575
credit_card_fraud,1337,amplitude,qie_sklearn,32,0.998754,0.751436,0.042738,1.264874,1.307612,0.03268400718255874,165.873712,7.570904
credit_card_fraud,2026,amplitude,qie_sklearn,32,0.998718,0.747955,0.04917,1.368225,1.417396,0.034690375872374404,165.873712,7.571383
credit_card_fraud,7,angle,qie_sklearn,58,0.999087,0.843145,1.612562,1.55025,3.162812,0.5098507277700982,370.02332,7.573334
credit_card_fraud,42,angle,qie_sklearn,58,0.999087,0.848609,0.528985,1.043999,1.572984,0.3362939483173383,370.02332,7.573186
credit_card_fraud,99,angle,qie_sklearn,58,0.999157,0.860254,0.188392,0.762289,0.95068,0.1981655236251946,370.02332,7.572651
credit_card_fraud,1337,angle,qie_sklearn,58,0.99907,0.844796,0.679498,1.191642,1.871139,0.36314672506959667,370.02332,7.573094
credit_card_fraud,2026,angle,qie_sklearn,58,0.999052,0.826686,1.201824,0.882357,2.084182,0.5766406196771683,370.02332,7.572705
credit_card_fraud,7,basis,qie_sklearn,232,0.999403,0.901013,2.574341,5.725232,8.299573,0.31017752359067147,555.03287,430.497044
credit_card_fraud,42,basis,qie_sklearn,232,0.99921,0.868223,1.046526,4.190289,5.236816,0.199840131866386,555.032798,430.497078
credit_card_fraud,99,basis,qie_sklearn,232,0.999263,0.881838,0.177399,3.586482,3.763881,0.04713193642413243,555.032798,430.497245
credit_card_fraud,1337,basis,qie_sklearn,232,0.99935,0.892901,1.126893,5.187493,6.314385,0.17846441102340133,555.032798,430.497535
credit_card_fraud,2026,basis,qie_sklearn,232,0.99935,0.889059,2.002873,5.963491,7.966364,0.2514162044315324,555.032798,430.496233
credit_card_fraud,7,amplitude_torch,qie_torch,32,0.998631,0.685141,,,28.738192,,,68.35456
credit_card_fraud,42,amplitude_torch,qie_torch,32,0.998683,0.704395,,,27.130685,,,68.35456
credit_card_fraud,99,amplitude_torch,qie_torch,32,0.998754,0.724494,,,27.643477,,,68.35456
credit_card_fraud,1337,amplitude_torch,qie_torch,32,0.998648,0.705769,,,27.525042,,,68.35456
credit_card_fraud,2026,amplitude_torch,qie_torch,32,0.998543,0.672864,,,29.244033,,,68.35456
credit_card_fraud,7,angle_torch,qie_torch,58,0.99907,0.828799,,,28.527298,,,97.7792
credit_card_fraud,42,angle_torch,qie_torch,58,0.998999,0.827022,,,28.53995,,,97.7792
credit_card_fraud,99,angle_torch,qie_torch,58,0.999105,0.848888,,,27.817245,,,97.7792
credit_card_fraud,1337,angle_torch,qie_torch,58,0.998982,0.822916,,,27.391391,,,97.7792
credit_card_fraud,2026,angle_torch,qie_torch,58,0.998929,0.795034,,,28.264576,,,97.7792
credit_card_fraud,7,basis_torch,qie_torch,232,0.99935,0.88634,,,27.843531,,,296.38656
credit_card_fraud,42,basis_torch,qie_torch,232,0.99928,0.882677,,,27.716094,,,296.38656
credit_card_fraud,99,basis_torch,qie_torch,232,0.999263,0.883149,,,26.59492,,,296.38656
credit_card_fraud,1337,basis_torch,qie_torch,232,0.999175,0.851995,,,28.2836,,,296.38656
credit_card_fraud,2026,basis_torch,qie_torch,232,0.99928,0.870889,,,27.452792,,,296.38656
credit_card_fraud,7,raw_linear,baseline_sklearn,29,0.999192,0.857823,0.311446,2.100207,2.411653,0.1291421278268474,66.144766,7.555374
credit_card_fraud,42,raw_linear,baseline_sklearn,29,0.999157,0.861858,0.049054,2.281243,2.330298,0.021050526585011876,66.144658,7.553998
credit_card_fraud,99,raw_linear,baseline_sklearn,29,0.999245,0.876954,0.049062,1.543727,1.592789,0.03080257334775667,66.144658,7.555418
credit_card_fraud,1337,raw_linear,baseline_sklearn,29,0.998999,0.829091,0.048329,1.336679,1.385007,0.03489440847591384,66.144712,7.554391
credit_card_fraud,2026,raw_linear,baseline_sklearn,29,0.999105,0.843334,0.048338,1.685256,1.733595,0.027883098416873607,66.144712,7.554249
credit_card_fraud,7,rff,baseline_sklearn,58,0.99828,0.49957,0.936752,1.261931,2.198683,0.4260514135052666,158.670799,7.56342
credit_card_fraud,42,rff,baseline_sklearn,58,0.998297,0.509675,0.420096,1.086232,1.506328,0.27888746674031156,158.670682,7.563135
credit_card_fraud,99,rff,baseline_sklearn,58,0.998315,0.52899,0.427987,1.075492,1.503478,0.2846646242911436,158.670619,7.563636
credit_card_fraud,1337,rff,baseline_sklearn,58,0.998297,0.519376,0.512541,1.278808,1.791349,0.2861201251124153,158.670565,7.56398
credit_card_fraud,2026,rff,baseline_sklearn,58,0.998297,0.519376,0.68764,1.209912,1.897552,0.36238269096182874,158.670502,7.562786
credit_card_fraud,7,poly2,baseline_sklearn,464,0.999438,0.909972,12.957268,30.545311,43.502579,0.29785057111211727,1797.34193,7.683853
credit_card_fraud,42,poly2,baseline_sklearn,464,0.999403,0.911309,18.242056,17.944218,36.186274,0.5041153449509613,1797.341714,7.683175
credit_card_fraud,99,poly2,baseline_sklearn,464,0.99935,0.898744,4.65999,22.527427,27.187417,0.17140245430450415,1797.341822,7.683234
credit_card_fraud,1337,poly2,baseline_sklearn,464,0.99935,0.898744,17.548806,28.152389,45.701195,0.38399009041229665,1797.34193,7.686075
credit_card_fraud,2026,poly2,baseline_sklearn,464,0.99935,0.897627,19.682313,21.319319,41.001632,0.48003730680769,1797.341822,7.686753
credit_card_fraud,7,pca,baseline_sklearn,28,0.999175,0.853831,0.102865,37.798095,37.90096,0.002714047348668741,63.873646,7.553819
credit_card_fraud,42,pca,baseline_sklearn,28,0.99914,0.858166,0.07622,28.791763,28.867983,0.002640295305702515,63.873916,7.553401
credit_card_fraud,99,pca,baseline_sklearn,28,0.999228,0.87337,0.173674,29.804857,29.97853,0.005793279390283647,63.873592,7.554035
credit_card_fraud,1337,pca,baseline_sklearn,28,0.999034,0.837036,0.058287,27.704168,27.762455,0.0020994901207404028,63.873592,7.553912
credit_card_fraud,2026,pca,baseline_sklearn,28,0.999087,0.839278,0.05693,24.404588,24.461517,0.002327329085927091,63.873754,7.555202
credit_card_fraud,7,rbf_svm,baseline_sklearn,29,0.998473,0.600535,0.0,1.609677,1.609677,0.0,0.0,14.537725
credit_card_fraud,42,rbf_svm,baseline_sklearn,29,0.998701,0.710612,0.0,1.57671,1.57671,0.0,0.0,14.538036
credit_card_fraud,99,rbf_svm,baseline_sklearn,29,0.99849,0.608713,0.0,1.579448,1.579448,0.0,0.0,14.531196
credit_card_fraud,1337,rbf_svm,baseline_sklearn,29,0.998596,0.654821,0.0,1.54789,1.54789,0.0,0.0,14.528766
credit_card_fraud,2026,rbf_svm,baseline_sklearn,29,0.998508,0.630061,0.0,1.59011,1.59011,0.0,0.0,14.538756
credit_card_fraud,7,mlp,baseline_sklearn,29,0.999438,0.909972,0.0,347.388332,347.388332,0.0,0.0,189.312077
credit_card_fraud,42,mlp,baseline_sklearn,29,0.999438,0.912903,0.0,338.824223,338.824223,0.0,0.0,189.313198
credit_card_fraud,99,mlp,baseline_sklearn,29,0.999386,0.904218,0.0,319.215796,319.215796,0.0,0.0,189.311281
credit_card_fraud,1337,mlp,baseline_sklearn,29,0.999491,0.922332,0.0,346.451011,346.451011,0.0,0.0,189.311933
credit_card_fraud,2026,mlp,baseline_sklearn,29,0.999526,0.927689,0.0,333.208213,333.208213,0.0,0.0,189.31173
credit_card_fraud,7,torch_mlp,baseline_torch,29,0.999456,0.90922,,,46.142257,,,66.07616
credit_card_fraud,42,torch_mlp,baseline_torch,29,0.999421,0.912553,,,44.403105,,,66.07616
credit_card_fraud,99,torch_mlp,baseline_torch,29,0.999456,0.924254,,,45.691399,,,66.07616
credit_card_fraud,1337,torch_mlp,baseline_torch,29,0.999456,0.911292,,,46.138749,,,66.07616
credit_card_fraud,2026,torch_mlp,baseline_torch,29,0.999456,0.913272,,,45.898017,,,66.07616
fashion_mnist,7,amplitude,qie_sklearn,1024,0.8355,0.832883,0.034551,61.986588,62.021138,0.0005570842637553667,165.954456,4.824103
fashion_mnist,42,amplitude,qie_sklearn,1024,0.8145,0.811262,0.034704,67.267392,67.302096,0.000515645159104703,165.954456,4.818373
fashion_mnist,99,amplitude,qie_sklearn,1024,0.823,0.819849,0.031598,82.598344,82.629942,0.0003824037538353833,165.954456,4.825124
fashion_mnist,1337,amplitude,qie_sklearn,1024,0.82,0.817067,0.031733,72.122819,72.154552,0.00043979207299353753,165.954456,4.824252
fashion_mnist,2026,amplitude,qie_sklearn,1024,0.8115,0.809572,0.031817,89.572176,89.603993,0.000355084622177496,165.954456,4.822194
fashion_mnist,7,angle,qie_sklearn,1568,0.8225,0.822837,0.167249,336.353475,336.520724,0.0004969946516577684,351.247216,6.590842
fashion_mnist,42,angle,qie_sklearn,1568,0.8185,0.818208,0.173923,445.682587,445.856511,0.00039008738396555565,351.247216,6.593301
fashion_mnist,99,angle,qie_sklearn,1568,0.8265,0.826727,0.175032,566.85713,567.032163,0.0003086809028150313,351.247216,6.594381
fashion_mnist,1337,angle,qie_sklearn,1568,0.8285,0.829452,0.167978,485.354745,485.522723,0.0003459735086384412,351.247216,6.593441
fashion_mnist,2026,angle,qie_sklearn,1568,0.82,0.821249,0.175125,566.972257,567.147383,0.000308782170647872,351.247216,6.59472
fashion_mnist,7,basis,qie_sklearn,6272,0.8195,0.819716,0.152332,75.600713,75.753045,0.0020109026640447256,526.868594,422.85683
fashion_mnist,42,basis,qie_sklearn,6272,0.808,0.807947,0.157432,76.185053,76.342484,0.0020621807380540565,526.868594,422.854589
fashion_mnist,99,basis,qie_sklearn,6272,0.8245,0.823488,0.152993,127.510614,127.663607,0.0011984073111767867,526.868594,422.855159
fashion_mnist,1337,basis,qie_sklearn,6272,0.8215,0.821663,0.154526,111.031204,111.18573,0.0013898006515764207,526.868666,422.855852
fashion_mnist,2026,basis,qie_sklearn,6272,0.8225,0.822172,0.154509,80.736775,80.891284,0.001910082178940317,526.868594,422.855228
fashion_mnist,7,amplitude_torch,qie_torch,1024,0.814,0.810775,,,1.096248,,,61.18144
fashion_mnist,42,amplitude_torch,qie_torch,1024,0.8025,0.798561,,,1.206988,,,61.18144
fashion_mnist,99,amplitude_torch,qie_torch,1024,0.809,0.804677,,,1.255432,,,61.18144
fashion_mnist,1337,amplitude_torch,qie_torch,1024,0.802,0.799081,,,1.144964,,,61.18144
fashion_mnist,2026,amplitude_torch,qie_torch,1024,0.798,0.795835,,,1.129709,,,61.18144
fashion_mnist,7,angle_torch,qie_torch,1568,0.845,0.844119,,,1.026445,,,84.561408
fashion_mnist,42,angle_torch,qie_torch,1568,0.839,0.839531,,,0.961438,,,84.561408
fashion_mnist,99,angle_torch,qie_torch,1568,0.845,0.845223,,,1.000674,,,84.561408
fashion_mnist,1337,angle_torch,qie_torch,1568,0.853,0.853351,,,0.979941,,,84.561408
fashion_mnist,2026,angle_torch,qie_torch,1568,0.841,0.839982,,,1.072725,,,84.561408
fashion_mnist,7,basis_torch,qie_torch,6272,0.821,0.82189,,,1.078048,,,282.680832
fashion_mnist,42,basis_torch,qie_torch,6272,0.815,0.815818,,,1.073599,,,282.680832
fashion_mnist,99,basis_torch,qie_torch,6272,0.83,0.829158,,,1.131795,,,282.680832
fashion_mnist,1337,basis_torch,qie_torch,6272,0.8175,0.81822,,,1.087846,,,282.680832
fashion_mnist,2026,basis_torch,qie_torch,6272,0.8205,0.820163,,,1.068512,,,282.680832
fashion_mnist,7,raw_linear,baseline_sklearn,784,0.799,0.798834,0.029069,276.842505,276.871574,0.00010499091539097474,56.629418,54.188289
fashion_mnist,42,raw_linear,baseline_sklearn,784,0.791,0.790906,0.026445,163.855199,163.881644,0.00016136645541583658,56.629418,54.188142
fashion_mnist,99,raw_linear,baseline_sklearn,784,0.809,0.808241,0.028055,268.271435,268.29949,0.0001045659833345192,56.629364,54.186913
fashion_mnist,1337,raw_linear,baseline_sklearn,784,0.792,0.793021,0.028692,307.065072,307.093764,9.343074775038413e-05,56.629418,54.187395
fashion_mnist,2026,raw_linear,baseline_sklearn,784,0.7955,0.796299,0.027248,135.355682,135.38293,0.0002012661418983915,56.629418,54.186864
fashion_mnist,7,rff,baseline_sklearn,256,0.8065,0.803767,0.055953,4.85926,4.915213,0.011383636884098412,56.634573,18.619383
fashion_mnist,42,rff,baseline_sklearn,256,0.8115,0.809106,0.124437,3.667342,3.791779,0.03281757718474627,56.634573,18.618769
fashion_mnist,99,rff,baseline_sklearn,256,0.805,0.801721,0.047745,4.750348,4.798093,0.00995082838119228,56.634573,18.618877
fashion_mnist,1337,rff,baseline_sklearn,256,0.8095,0.808632,0.192848,4.599401,4.79225,0.04024164014815587,56.634645,18.618513
fashion_mnist,2026,rff,baseline_sklearn,256,0.791,0.789571,0.128991,3.964902,4.093894,0.031508143591407106,56.634573,18.620194
fashion_mnist,7,pca,baseline_sklearn,256,0.839,0.838643,5.29571,24.38769,29.683401,0.17840644338564843,12.30674,18.617707
fashion_mnist,42,pca,baseline_sklearn,256,0.825,0.824135,3.803668,21.200569,25.004237,0.15212093854333567,12.30674,18.617899
fashion_mnist,99,pca,baseline_sklearn,256,0.8305,0.829622,2.613765,23.3913,26.005065,0.10050984298635669,12.306686,18.618047
fashion_mnist,1337,pca,baseline_sklearn,256,0.835,0.834869,6.108431,24.192546,30.300978,0.20159187601139475,12.30674,18.617997
fashion_mnist,2026,pca,baseline_sklearn,256,0.8255,0.824671,2.700166,23.198306,25.898472,0.10425966443116798,12.30674,18.618331
fashion_mnist,7,rbf_svm,baseline_sklearn,784,0.8655,0.864128,0.0,3.569316,3.569316,0.0,0.0,125.534684
fashion_mnist,42,rbf_svm,baseline_sklearn,784,0.8475,0.845518,0.0,3.489211,3.489211,0.0,0.0,125.534635
fashion_mnist,99,rbf_svm,baseline_sklearn,784,0.8505,0.846973,0.0,3.555481,3.555481,0.0,0.0,125.534036
fashion_mnist,1337,rbf_svm,baseline_sklearn,784,0.861,0.859759,0.0,3.388618,3.388618,0.0,0.0,125.534689
fashion_mnist,2026,rbf_svm,baseline_sklearn,784,0.8405,0.838568,0.0,3.439916,3.439916,0.0,0.0,125.534414
fashion_mnist,7,mlp,baseline_sklearn,784,0.858,0.859081,0.0,75.525308,75.525308,0.0,0.0,59.710931
fashion_mnist,42,mlp,baseline_sklearn,784,0.853,0.853314,0.0,21.906728,21.906728,0.0,0.0,59.673689
fashion_mnist,99,mlp,baseline_sklearn,784,0.851,0.848426,0.0,37.735453,37.735453,0.0,0.0,59.680336
fashion_mnist,1337,mlp,baseline_sklearn,784,0.8575,0.857081,0.0,30.402516,30.402516,0.0,0.0,59.665959
fashion_mnist,2026,mlp,baseline_sklearn,784,0.8495,0.848366,0.0,16.270687,16.270687,0.0,0.0,59.666121
fashion_mnist,7,torch_mlp,baseline_torch,784,0.8575,0.858085,,,1.695596,,,54.038016
fashion_mnist,42,torch_mlp,baseline_torch,784,0.847,0.846942,,,1.64159,,,54.038016
fashion_mnist,99,torch_mlp,baseline_torch,784,0.863,0.862655,,,1.706982,,,54.038016
fashion_mnist,1337,torch_mlp,baseline_torch,784,0.872,0.872211,,,1.776616,,,54.038016
fashion_mnist,2026,torch_mlp,baseline_torch,784,0.8565,0.856465,,,1.69966,,,54.038016
cifar10,7,amplitude,qie_sklearn,4096,0.373,0.3657,0.111515,28.865636,28.97715,0.003848377083322549,655.42652,14.572948
cifar10,42,amplitude,qie_sklearn,4096,0.376,0.370106,0.122074,60.601791,60.723865,0.002010313408080991,655.42652,14.573826
cifar10,99,amplitude,qie_sklearn,4096,0.388,0.379609,0.117425,27.942854,28.060279,0.0041847409999023885,655.42652,14.573481
cifar10,1337,amplitude,qie_sklearn,4096,0.3625,0.352707,0.111965,38.776921,38.888886,0.0028791002138760157,655.42652,14.576409
cifar10,2026,amplitude,qie_sklearn,4096,0.391,0.381993,0.112467,25.367264,25.479731,0.0044139790957761675,655.42652,14.572042
cifar10,7,angle,qie_sklearn,6144,0.3005,0.302058,0.641138,422.703224,423.344362,0.0015144597579405108,1376.307824,21.052248
cifar10,42,angle,qie_sklearn,6144,0.3035,0.304938,18.916818,960.556376,979.473195,0.019313257470001514,1376.307824,21.053121
cifar10,99,angle,qie_sklearn,6144,0.3085,0.30877,0.643437,612.65266,613.296096,0.0010491457620496576,1376.307824,21.055405
cifar10,1337,angle,qie_sklearn,6144,0.297,0.297869,6.532504,386.980776,393.51328,0.016600466444232836,1376.307824,21.052644
cifar10,2026,angle,qie_sklearn,6144,0.319,0.319037,0.651403,387.322503,387.973905,0.001678986631845768,1376.307824,21.060489
cifar10,7,basis,qie_sklearn,24576,0.333,0.332079,0.570648,65.356409,65.927057,0.008655748124779785,2064.459506,1652.884058
cifar10,42,basis,qie_sklearn,24576,0.3175,0.31788,28.50609,101.145012,129.651103,0.21986770139549064,2064.459578,1652.886898
cifar10,99,basis,qie_sklearn,24576,0.3265,0.324765,15.047736,103.660246,118.707982,0.12676262999736615,2064.459506,1652.885139
cifar10,1337,basis,qie_sklearn,24576,0.321,0.320212,25.108771,65.848411,90.957182,0.27605044975997606,2064.459578,1652.884893
cifar10,2026,basis,qie_sklearn,24576,0.34,0.336576,0.574847,61.363913,61.93876,0.009280892933600866,2064.459506,1652.883399
cifar10,7,amplitude_torch,qie_torch,4096,0.364,0.357025,,,1.140547,,,191.892992
cifar10,42,amplitude_torch,qie_torch,4096,0.3705,0.366986,,,1.256271,,,191.892992
cifar10,99,amplitude_torch,qie_torch,4096,0.377,0.366789,,,1.11903,,,191.892992
cifar10,1337,amplitude_torch,qie_torch,4096,0.3535,0.343637,,,1.120111,,,191.892992
cifar10,2026,amplitude_torch,qie_torch,4096,0.375,0.367373,,,1.197303,,,191.892992
cifar10,7,angle_torch,qie_torch,6144,0.3295,0.327249,,,1.032053,,,277.024256
cifar10,42,angle_torch,qie_torch,6144,0.3425,0.340553,,,1.150084,,,277.024256
cifar10,99,angle_torch,qie_torch,6144,0.335,0.330263,,,1.113041,,,277.024256
cifar10,1337,angle_torch,qie_torch,6144,0.336,0.327241,,,1.07778,,,277.024256
cifar10,2026,angle_torch,qie_torch,6144,0.3615,0.358145,,,1.056175,,,277.024256
cifar10,7,basis_torch,qie_torch,24576,0.32,0.318402,,,1.117324,,,1055.002112
cifar10,42,basis_torch,qie_torch,24576,0.3215,0.321169,,,1.052268,,,1055.002112
cifar10,99,basis_torch,qie_torch,24576,0.325,0.32194,,,1.096334,,,1055.002112
cifar10,1337,basis_torch,qie_torch,24576,0.3175,0.31392,,,1.034538,,,1055.002112
cifar10,2026,basis_torch,qie_torch,24576,0.332,0.328074,,,1.035479,,,1055.002112
cifar10,7,raw_linear,baseline_sklearn,3072,0.2645,0.264951,0.112681,377.417392,377.530073,0.0002984689381288044,221.583242,208.110103
cifar10,42,raw_linear,baseline_sklearn,3072,0.28,0.27987,0.116296,680.678179,680.794475,0.00017082394800574724,221.583188,208.110039
cifar10,99,raw_linear,baseline_sklearn,3072,0.267,0.266765,0.136118,719.826743,719.962861,0.00018906252999069628,221.583242,208.112374
cifar10,1337,raw_linear,baseline_sklearn,3072,0.28,0.280875,0.108902,373.105108,373.21401,0.00029179504810122214,221.583242,208.11263
cifar10,2026,raw_linear,baseline_sklearn,3072,0.286,0.2834,0.112083,337.499418,337.611501,0.00033198809776329276,221.583242,208.110226
cifar10,7,rff,baseline_sklearn,256,0.342,0.337923,0.287845,3.897099,4.184944,0.06878108763223595,221.588469,18.618292
cifar10,42,rff,baseline_sklearn,256,0.354,0.349552,0.288524,3.897875,4.186399,0.06891937438356928,221.588469,18.621
cifar10,99,rff,baseline_sklearn,256,0.3705,0.365169,0.287363,4.492967,4.78033,0.060113632322454716,221.588415,18.620859
cifar10,1337,rff,baseline_sklearn,256,0.3705,0.364511,0.295909,4.306623,4.602532,0.06429265456492209,221.588406,18.622948
cifar10,2026,rff,baseline_sklearn,256,0.3705,0.365501,0.288912,4.012004,4.300916,0.06717452747275232,221.588415,18.618582
cifar10,7,pca,baseline_sklearn,256,0.3525,0.350045,3.721841,11.592843,15.314684,0.2430243418669298,127.475367,18.619638
cifar10,42,pca,baseline_sklearn,256,0.385,0.383482,3.627017,11.970956,15.597973,0.23253130390724489,127.475421,18.618606
cifar10,99,pca,baseline_sklearn,256,0.3685,0.365144,10.102651,13.99635,24.099001,0.41921451432779305,127.475421,18.62162
cifar10,1337,pca,baseline_sklearn,256,0.3525,0.348598,4.616449,11.474702,16.091151,0.2868936473220592,127.475421,18.621875
cifar10,2026,pca,baseline_sklearn,256,0.3775,0.373027,3.911956,12.982913,16.894869,0.23154698624771816,127.475367,18.618906
cifar10,7,rbf_svm,baseline_sklearn,3072,0.445,0.441203,0.0,71.955487,71.955487,0.0,0.0,491.669439
cifar10,42,rbf_svm,baseline_sklearn,3072,0.4545,0.451767,0.0,81.136015,81.136015,0.0,0.0,491.669385
cifar10,99,rbf_svm,baseline_sklearn,3072,0.4645,0.460746,0.0,92.272633,92.272633,0.0,0.0,491.669547
cifar10,1337,rbf_svm,baseline_sklearn,3072,0.453,0.450105,0.0,71.9377,71.9377,0.0,0.0,491.669601
cifar10,2026,rbf_svm,baseline_sklearn,3072,0.4695,0.466213,0.0,71.548794,71.548794,0.0,0.0,491.669434
cifar10,7,mlp,baseline_sklearn,3072,0.4015,0.401605,0.0,27.035883,27.035883,0.0,0.0,229.076283
cifar10,42,mlp,baseline_sklearn,3072,0.4095,0.406641,0.0,30.369747,30.369747,0.0,0.0,229.09929
cifar10,99,mlp,baseline_sklearn,3072,0.415,0.415629,0.0,43.516801,43.516801,0.0,0.0,229.092156
cifar10,1337,mlp,baseline_sklearn,3072,0.417,0.416982,0.0,36.561032,36.561032,0.0,0.0,229.107984
cifar10,2026,mlp,baseline_sklearn,3072,0.4225,0.422794,0.0,18.042135,18.042135,0.0,0.0,229.07191
cifar10,7,torch_mlp,baseline_torch,3072,0.421,0.420936,,,1.697622,,,160.664064
cifar10,42,torch_mlp,baseline_torch,3072,0.4145,0.416417,,,1.645915,,,160.664064
cifar10,99,torch_mlp,baseline_torch,3072,0.4395,0.438044,,,1.839611,,,160.664064
cifar10,1337,torch_mlp,baseline_torch,3072,0.4485,0.450047,,,1.761686,,,160.664064
cifar10,2026,torch_mlp,baseline_torch,3072,0.437,0.436726,,,1.651767,,,160.664064
higgs,7,amplitude,qie_sklearn,32,0.64359,0.637422,0.065619,4.962365,5.027984,0.013050757520310326,284.802552,13.258233
higgs,42,amplitude,qie_sklearn,32,0.6421,0.636401,0.070194,5.025767,5.09596,0.013774440929677629,284.802552,13.257371
higgs,99,amplitude,qie_sklearn,32,0.64127,0.635586,0.066582,5.772911,5.839493,0.011402017264170023,284.802552,13.25561
higgs,1337,amplitude,qie_sklearn,32,0.64292,0.637198,0.06584,5.874327,5.940166,0.011083865333056348,284.802552,13.261395
higgs,2026,amplitude,qie_sklearn,32,0.64387,0.638326,0.247386,5.396658,5.644044,0.04383133795555102,284.802552,13.254998
higgs,7,angle,qie_sklearn,56,0.65851,0.649761,3.415576,66.531524,69.947101,0.04883084432620017,627.203024,13.253772
higgs,42,angle,qie_sklearn,56,0.65793,0.649893,0.520569,49.947749,50.468318,0.010314768168021767,627.203024,13.254833
higgs,99,angle,qie_sklearn,56,0.65664,0.648352,0.320753,58.480357,58.80111,0.005454880018421421,627.203024,13.253009
higgs,1337,angle,qie_sklearn,56,0.65839,0.650403,0.331789,61.823887,62.155677,0.005338032115714869,627.203024,13.258734
higgs,2026,angle,qie_sklearn,56,0.65833,0.650157,1.992015,61.352853,63.344868,0.031447141069107606,627.203024,13.258686
higgs,7,basis,qie_sklearn,224,0.67138,0.66762,1.653391,156.535359,158.18875,0.010452013812613098,940.802426,730.095869
higgs,42,basis,qie_sklearn,224,0.66849,0.663898,2.379097,154.298504,156.677601,0.015184665739169696,940.802426,730.096562
higgs,99,basis,qie_sklearn,224,0.66766,0.663174,1.580342,139.723648,141.30399,0.011183987090527309,940.802354,730.098711
higgs,1337,basis,qie_sklearn,224,0.66836,0.664001,0.554813,146.210888,146.765701,0.003780263346406801,940.802354,730.09964
higgs,2026,basis,qie_sklearn,224,0.67121,0.667459,2.136503,154.960749,157.097252,0.013599875063377937,940.802354,730.095122
higgs,7,amplitude_torch,qie_torch,32,0.63498,0.628824,,,48.160748,,,107.511808
higgs,42,amplitude_torch,qie_torch,32,0.63328,0.627984,,,49.472425,,,107.511808
higgs,99,amplitude_torch,qie_torch,32,0.63229,0.626437,,,48.690785,,,107.511808
higgs,1337,amplitude_torch,qie_torch,32,0.63395,0.624533,,,50.122142,,,107.511808
higgs,2026,amplitude_torch,qie_torch,32,0.63454,0.62942,,,48.545687,,,107.511808
higgs,7,angle_torch,qie_torch,56,0.6462,0.63656,,,47.693682,,,156.101632
higgs,42,angle_torch,qie_torch,56,0.6455,0.635589,,,49.781718,,,156.101632
higgs,99,angle_torch,qie_torch,56,0.64489,0.640467,,,49.447561,,,156.101632
higgs,1337,angle_torch,qie_torch,56,0.64615,0.639021,,,47.296377,,,156.101632
higgs,2026,angle_torch,qie_torch,56,0.64499,0.629771,,,47.147447,,,156.101632
higgs,7,basis_torch,qie_torch,224,0.6705,0.667294,,,49.147818,,,492.406784
higgs,42,basis_torch,qie_torch,224,0.66717,0.663135,,,48.338939,,,492.406784
higgs,99,basis_torch,qie_torch,224,0.66656,0.665306,,,46.224335,,,492.406784
higgs,1337,basis_torch,qie_torch,224,0.66492,0.663292,,,46.813736,,,492.406784
higgs,2026,basis_torch,qie_torch,224,0.67025,0.665949,,,46.899236,,,492.406784
higgs,7,raw_linear,baseline_sklearn,28,0.64181,0.633696,0.060774,1.897416,1.95819,0.03103580347157324,100.938346,102.835837
higgs,42,raw_linear,baseline_sklearn,28,0.64055,0.632942,0.064423,1.910846,1.97527,0.0326147817766685,100.938346,102.835483
higgs,99,raw_linear,baseline_sklearn,28,0.64045,0.632896,0.064589,1.734166,1.798755,0.03590761387737629,100.938346,102.835365
higgs,1337,raw_linear,baseline_sklearn,28,0.64181,0.63422,0.066306,1.633299,1.699605,0.039012594102747405,100.938346,102.835812
higgs,2026,raw_linear,baseline_sklearn,28,0.6423,0.634828,0.061066,1.648473,1.709539,0.03572074108867947,100.938292,102.836598
higgs,7,rff,baseline_sklearn,56,0.592,0.582382,0.289067,1.417479,1.706547,0.16938707225760558,134.45073,192.444005
higgs,42,rff,baseline_sklearn,56,0.58996,0.577834,0.206109,1.314619,1.520728,0.13553311308794208,134.451005,192.443622
higgs,99,rff,baseline_sklearn,56,0.58562,0.575909,0.208513,1.511689,1.720202,0.1212142527447358,134.450915,192.444339
higgs,1337,rff,baseline_sklearn,56,0.5847,0.571309,0.293193,1.60118,1.894373,0.15477047022946377,134.450919,192.443583
higgs,2026,rff,baseline_sklearn,56,0.58607,0.574527,0.289624,1.209106,1.498731,0.19324615291203023,134.450429,192.443131
higgs,7,poly2,baseline_sklearn,434,0.67897,0.672681,3.682983,160.852496,164.535478,0.02238412678389034,2256.960484,1402.15842
higgs,42,poly2,baseline_sklearn,434,0.67956,0.673289,17.27984,211.223717,228.503558,0.07562175465119016,2256.960484,1402.15873
higgs,99,poly2,baseline_sklearn,434,0.67707,0.670993,12.804565,180.266837,193.071402,0.06632036058866968,2256.960484,1402.155673
higgs,1337,poly2,baseline_sklearn,434,0.67911,0.673096,13.289129,201.5444,214.833529,0.061857797811439394,2256.960376,1402.165427
higgs,2026,poly2,baseline_sklearn,434,0.67869,0.672692,15.860118,211.829581,227.689699,0.06965672171229846,2256.960214,1402.155083
higgs,7,pca,baseline_sklearn,27,0.61455,0.606412,0.034057,2.078451,2.112509,0.016121588121044687,54.043668,99.634812
higgs,42,pca,baseline_sklearn,27,0.61352,0.605961,0.033972,2.340483,2.374455,0.01430728314497432,54.043776,99.634345
higgs,99,pca,baseline_sklearn,27,0.61283,0.60523,0.033611,2.063393,2.097004,0.016028104858169082,54.043884,99.634581
higgs,1337,pca,baseline_sklearn,27,0.61325,0.605676,0.07358,2.18939,2.262971,0.032514778139004,54.043614,99.633456
higgs,2026,pca,baseline_sklearn,27,0.61361,0.606134,0.033486,2.147127,2.180614,0.01535622535671146,54.043668,99.632979
higgs,7,rbf_svm,baseline_sklearn,28,0.67911,0.673539,0.0,55.009266,55.009266,0.0,0.0,38.158083
higgs,42,rbf_svm,baseline_sklearn,28,0.68025,0.67531,0.0,54.799529,54.799529,0.0,0.0,38.170961
higgs,99,rbf_svm,baseline_sklearn,28,0.68017,0.675109,0.0,53.949739,53.949739,0.0,0.0,38.156213
higgs,1337,rbf_svm,baseline_sklearn,28,0.6767,0.670409,0.0,53.834911,53.834911,0.0,0.0,38.159922
higgs,2026,rbf_svm,baseline_sklearn,28,0.68011,0.674498,0.0,53.776242,53.776242,0.0,0.0,38.161041
higgs,7,mlp,baseline_sklearn,28,0.74448,0.741628,0.0,238.08454,238.08454,0.0,0.0,165.421033
higgs,42,mlp,baseline_sklearn,28,0.74716,0.746257,0.0,205.901963,205.901963,0.0,0.0,165.424455
higgs,99,mlp,baseline_sklearn,28,0.74676,0.745375,0.0,220.028682,220.028682,0.0,0.0,165.426339
higgs,1337,mlp,baseline_sklearn,28,0.74723,0.745682,0.0,219.267023,219.267023,0.0,0.0,165.425562
higgs,2026,mlp,baseline_sklearn,28,0.74803,0.747263,0.0,220.714797,220.714797,0.0,0.0,165.419751
higgs,7,torch_mlp,baseline_torch,28,0.74627,0.74505,,,79.991602,,,100.328448
higgs,42,torch_mlp,baseline_torch,28,0.74921,0.7477,,,80.101705,,,100.328448
higgs,99,torch_mlp,baseline_torch,28,0.7498,0.749003,,,76.595983,,,100.328448
higgs,1337,torch_mlp,baseline_torch,28,0.74676,0.745948,,,81.934087,,,100.328448
higgs,2026,torch_mlp,baseline_torch,28,0.75003,0.749204,,,79.553944,,,100.328448
high_dim_parity,7,amplitude,qie_sklearn,32,0.486,0.48444,0.002569,0.003916,0.006485,0.3961449498843485,4.674552,0.31362
high_dim_parity,42,amplitude,qie_sklearn,32,0.499,0.498578,0.002783,0.004256,0.007039,0.3953686603210683,4.674552,0.313631
high_dim_parity,99,amplitude,qie_sklearn,32,0.4925,0.490445,0.003003,0.004073,0.007077,0.42433234421364985,4.674552,0.313508
high_dim_parity,1337,amplitude,qie_sklearn,32,0.49,0.488032,0.00263,0.003823,0.006453,0.4075623740895707,4.674552,0.313289
high_dim_parity,2026,amplitude,qie_sklearn,32,0.476,0.47516,0.002636,0.003811,0.006447,0.4088723437257639,4.674552,0.313571
high_dim_parity,7,angle,qie_sklearn,40,0.501,0.500662,0.007521,0.005618,0.013139,0.5724179922368521,8.962896,0.306799
high_dim_parity,42,angle,qie_sklearn,40,0.5,0.499735,0.007749,0.007619,0.015368,0.504229567933368,8.962896,0.307374
high_dim_parity,99,angle,qie_sklearn,40,0.5065,0.506127,0.008648,0.005453,0.014101,0.6132898376001701,8.962896,0.306799
high_dim_parity,1337,angle,qie_sklearn,40,0.5025,0.502291,0.007809,0.005199,0.013007,0.6003690320596602,8.962896,0.306686
high_dim_parity,2026,angle,qie_sklearn,40,0.4945,0.494308,0.007837,0.005338,0.013175,0.5948387096774194,8.962896,0.306416
high_dim_parity,7,basis,qie_sklearn,160,0.5065,0.50604,0.005572,1.391502,1.397074,0.003988335621448828,13.442234,10.580562
high_dim_parity,42,basis,qie_sklearn,160,0.518,0.517877,0.005605,0.967569,0.973174,0.005759504466827103,13.442162,10.581672
high_dim_parity,99,basis,qie_sklearn,160,0.498,0.497711,0.006189,0.829431,0.835621,0.007406467764692367,13.442234,10.580896
high_dim_parity,1337,basis,qie_sklearn,160,0.5155,0.514988,0.005499,0.869071,0.874569,0.00628766855445368,13.442234,10.581073
high_dim_parity,2026,basis,qie_sklearn,160,0.49,0.489959,0.005655,1.305428,1.311083,0.00431322807175442,13.442234,10.581736
high_dim_parity,7,amplitude_torch,qie_torch,32,0.489,0.487916,,,1.167844,,,19.536384
high_dim_parity,42,amplitude_torch,qie_torch,32,0.501,0.5002,,,1.086113,,,19.536384
high_dim_parity,99,amplitude_torch,qie_torch,32,0.4915,0.490705,,,1.179214,,,19.536384
high_dim_parity,1337,amplitude_torch,qie_torch,32,0.4885,0.487294,,,1.099736,,,19.536384
high_dim_parity,2026,amplitude_torch,qie_torch,32,0.4775,0.477321,,,1.177979,,,19.536384
high_dim_parity,7,angle_torch,qie_torch,40,0.5075,0.500724,,,1.002191,,,19.864576
high_dim_parity,42,angle_torch,qie_torch,40,0.5005,0.499834,,,0.973846,,,19.864576
high_dim_parity,99,angle_torch,qie_torch,40,0.5065,0.495525,,,1.019923,,,19.864576
high_dim_parity,1337,angle_torch,qie_torch,40,0.502,0.501637,,,0.942231,,,19.864576
high_dim_parity,2026,angle_torch,qie_torch,40,0.496,0.495192,,,1.044113,,,19.864576
high_dim_parity,7,basis_torch,qie_torch,160,0.506,0.50596,,,1.059124,,,24.790528
high_dim_parity,42,basis_torch,qie_torch,160,0.506,0.495687,,,1.082244,,,24.790528
high_dim_parity,99,basis_torch,qie_torch,160,0.5005,0.499223,,,1.015415,,,24.790528
high_dim_parity,1337,basis_torch,qie_torch,160,0.51,0.509616,,,1.100153,,,24.790528
high_dim_parity,2026,basis_torch,qie_torch,160,0.4975,0.485535,,,1.01256,,,24.790528
high_dim_parity,7,raw_linear,baseline_sklearn,20,0.49,0.488563,0.001756,0.003291,0.005047,0.34792946304735484,1.669216,0.295866
high_dim_parity,42,raw_linear,baseline_sklearn,20,0.497,0.496516,0.001677,0.003307,0.004984,0.3364767255216694,1.669162,0.295974
high_dim_parity,99,raw_linear,baseline_sklearn,20,0.49,0.487836,0.001803,0.0034,0.005203,0.34653084758793,1.669108,0.295974
high_dim_parity,1337,raw_linear,baseline_sklearn,20,0.489,0.486964,0.001692,0.00332,0.005012,0.3375897845171588,1.669216,0.295969
high_dim_parity,2026,raw_linear,baseline_sklearn,20,0.4825,0.481883,0.001648,0.003337,0.004985,0.33059177532597794,1.66927,0.296028
high_dim_parity,7,rff,baseline_sklearn,40,0.502,0.500701,0.008898,0.004772,0.01367,0.6509144111192392,3.922957,0.302324
high_dim_parity,42,rff,baseline_sklearn,40,0.507,0.506324,0.009245,0.005446,0.014691,0.6292968484105915,3.922993,0.302378
high_dim_parity,99,rff,baseline_sklearn,40,0.5075,0.507011,0.009124,0.004549,0.013673,0.6673005192715571,3.923119,0.302815
high_dim_parity,1337,rff,baseline_sklearn,40,0.487,0.485443,0.009124,0.00546,0.014584,0.6256171146461876,3.923065,0.302609
high_dim_parity,2026,rff,baseline_sklearn,40,0.5,0.499519,0.00962,0.005982,0.015602,0.6165876169721831,3.923065,0.302491
high_dim_parity,7,poly2,baseline_sklearn,230,0.517,0.516942,0.027287,0.201773,0.22906,0.11912599318955731,31.3666,0.35897
high_dim_parity,42,poly2,baseline_sklearn,230,0.475,0.474998,0.090898,0.015415,0.106313,0.8550036213821453,31.366708,0.359031
high_dim_parity,99,poly2,baseline_sklearn,230,0.4965,0.496479,0.049888,0.093015,0.142903,0.3491039376360188,31.366708,0.359083
high_dim_parity,1337,poly2,baseline_sklearn,230,0.4845,0.484478,0.073226,0.011105,0.084332,0.8683062182801309,31.366762,0.359137
high_dim_parity,2026,poly2,baseline_sklearn,230,0.4925,0.492307,0.06144,0.010349,0.071789,0.8558414241736199,31.366708,0.358921
high_dim_parity,7,poly3,baseline_sklearn,1770,0.4845,0.48436,0.233862,3.765216,3.999078,0.058478979404752794,240.954444,0.816866
high_dim_parity,42,poly3,baseline_sklearn,1770,0.5105,0.51049,0.226531,3.550998,3.777529,0.05996803730692736,240.954444,0.815254
high_dim_parity,99,poly3,baseline_sklearn,1770,0.496,0.495999,0.236848,3.68088,3.917728,0.06045544764720777,240.954498,0.815569
high_dim_parity,1337,poly3,baseline_sklearn,1770,0.5055,0.505098,0.223262,4.358852,4.582113,0.04872468225903639,240.95439,0.818992
high_dim_parity,2026,poly3,baseline_sklearn,1770,0.492,0.491992,0.227302,3.553146,3.780448,0.060125678226495914,240.954498,0.813755
high_dim_parity,7,pca,baseline_sklearn,19,0.4815,0.480012,0.001984,0.082356,0.08434,0.023523832108133746,1.59295,0.295209
high_dim_parity,42,pca,baseline_sklearn,19,0.5015,0.500835,0.001571,0.003796,0.005367,0.29271473821501764,1.59322,0.294922
high_dim_parity,99,pca,baseline_sklearn,19,0.494,0.491984,0.002006,0.003805,0.005811,0.3452073653415935,1.593112,0.294917
high_dim_parity,1337,pca,baseline_sklearn,19,0.4915,0.489441,0.001922,0.091725,0.093646,0.02052410140315657,1.593382,0.295209
high_dim_parity,2026,pca,baseline_sklearn,19,0.479,0.478123,0.001626,0.004015,0.005641,0.28824676475802163,1.59322,0.295209
high_dim_parity,7,rbf_svm,baseline_sklearn,20,0.488,0.487949,0.0,1.359353,1.359353,0.0,0.0,2.748876
high_dim_parity,42,rbf_svm,baseline_sklearn,20,0.4755,0.475484,0.0,1.411957,1.411957,0.0,0.0,2.746758
high_dim_parity,99,rbf_svm,baseline_sklearn,20,0.497,0.496915,0.0,1.386759,1.386759,0.0,0.0,2.746161
high_dim_parity,1337,rbf_svm,baseline_sklearn,20,0.4885,0.488407,0.0,1.363496,1.363496,0.0,0.0,2.748172
high_dim_parity,2026,rbf_svm,baseline_sklearn,20,0.495,0.494886,0.0,1.391327,1.391327,0.0,0.0,2.747501
high_dim_parity,7,mlp,baseline_sklearn,20,0.515,0.49195,0.0,5.139088,5.139088,0.0,0.0,7.962949
high_dim_parity,42,mlp,baseline_sklearn,20,0.468,0.46719,0.0,6.090741,6.090741,0.0,0.0,7.972601
high_dim_parity,99,mlp,baseline_sklearn,20,0.491,0.488121,0.0,6.912813,6.912813,0.0,0.0,7.982572
high_dim_parity,1337,mlp,baseline_sklearn,20,0.4855,0.480459,0.0,3.938105,3.938105,0.0,0.0,7.957682
high_dim_parity,2026,mlp,baseline_sklearn,20,0.511,0.50596,0.0,6.509952,6.509952,0.0,0.0,7.976516
high_dim_parity,7,torch_mlp,baseline_torch,20,0.5085,0.507243,,,1.75557,,,19.898368
high_dim_parity,42,torch_mlp,baseline_torch,20,0.5145,0.514275,,,1.650559,,,19.898368
high_dim_parity,99,torch_mlp,baseline_torch,20,0.5035,0.502128,,,1.728535,,,19.898368
high_dim_parity,1337,torch_mlp,baseline_torch,20,0.54,0.539403,,,1.712307,,,19.898368
high_dim_parity,2026,torch_mlp,baseline_torch,20,0.528,0.527932,,,1.644323,,,19.898368
high_rank_noise,7,amplitude,qie_sklearn,256,0.78,0.779912,0.008121,0.71272,0.720841,0.011266007344199346,21.026552,0.250925
high_rank_noise,42,amplitude,qie_sklearn,256,0.785,0.784866,0.00579,0.443757,0.449547,0.012879632163044132,21.026552,0.250977
high_rank_noise,99,amplitude,qie_sklearn,256,0.79,0.789992,0.005801,0.311522,0.317323,0.018281057471409255,21.026552,0.250977
high_rank_noise,1337,amplitude,qie_sklearn,256,0.813,0.812958,0.007087,0.334328,0.341415,0.020757728863699604,21.026552,0.25093
high_rank_noise,2026,amplitude,qie_sklearn,256,0.807,0.806957,0.006001,0.325848,0.331849,0.01808352594101534,21.026552,0.251034
high_rank_noise,7,angle,qie_sklearn,400,0.771,0.770934,0.023867,1.952374,1.976242,0.012076962234382226,44.805808,0.283781
high_rank_noise,42,angle,qie_sklearn,400,0.776,0.775871,0.025366,1.405754,1.43112,0.017724579350438818,44.805808,0.283967
high_rank_noise,99,angle,qie_sklearn,400,0.762,0.761985,0.024569,1.58051,1.605079,0.015307034731623802,44.805808,0.283108
high_rank_noise,1337,angle,qie_sklearn,400,0.806,0.805997,0.024771,0.860355,0.885126,0.027985846082930567,44.805808,0.283712
high_rank_noise,2026,angle,qie_sklearn,400,0.785,0.784974,0.025973,1.054046,1.080019,0.0240486509959547,44.805808,0.283972
high_rank_noise,7,basis,qie_sklearn,1600,0.693,0.692997,0.02013,4.014007,4.034138,0.004989913582529899,67.206514,51.855059
high_rank_noise,42,basis,qie_sklearn,1600,0.716,0.715107,0.019847,5.486914,5.506761,0.00360411501425248,67.206586,51.853249
high_rank_noise,99,basis,qie_sklearn,1600,0.696,0.695853,0.020261,11.787763,11.808024,0.0017158671086711884,67.206514,51.857546
high_rank_noise,1337,basis,qie_sklearn,1600,0.712,0.711907,0.02024,4.591444,4.611685,0.0043888513634387435,67.206514,51.857344
high_rank_noise,2026,basis,qie_sklearn,1600,0.681,0.680652,0.01988,10.71544,10.73532,0.001851831151749552,67.206514,51.853657
high_rank_noise,7,amplitude_torch,qie_torch,256,0.786,0.785896,,,0.613682,,,23.54688
high_rank_noise,42,amplitude_torch,qie_torch,256,0.787,0.786887,,,0.628226,,,23.54688
high_rank_noise,99,amplitude_torch,qie_torch,256,0.79,0.789997,,,0.68475,,,23.54688
high_rank_noise,1337,amplitude_torch,qie_torch,256,0.819,0.818978,,,0.627796,,,23.54688
high_rank_noise,2026,amplitude_torch,qie_torch,256,0.808,0.807938,,,0.632298,,,23.54688
high_rank_noise,7,angle_torch,qie_torch,400,0.777,0.776861,,,0.471007,,,26.934784
high_rank_noise,42,angle_torch,qie_torch,400,0.78,0.779745,,,0.491256,,,26.934784
high_rank_noise,99,angle_torch,qie_torch,400,0.778,0.777996,,,0.485951,,,26.934784
high_rank_noise,1337,angle_torch,qie_torch,400,0.82,0.819999,,,0.58606,,,26.934784
high_rank_noise,2026,angle_torch,qie_torch,400,0.793,0.792227,,,0.554519,,,26.934784
high_rank_noise,7,basis_torch,qie_torch,1600,0.713,0.712129,,,0.606411,,,52.780544
high_rank_noise,42,basis_torch,qie_torch,1600,0.704,0.703258,,,0.464103,,,52.780544
high_rank_noise,99,basis_torch,qie_torch,1600,0.701,0.700976,,,0.478736,,,52.780544
high_rank_noise,1337,basis_torch,qie_torch,1600,0.724,0.723841,,,0.552423,,,52.780544
high_rank_noise,2026,basis_torch,qie_torch,1600,0.685,0.681754,,,0.477284,,,52.780544
high_rank_noise,7,raw_linear,baseline_sklearn,200,0.775,0.774919,0.005032,0.273993,0.279025,0.01803422632380611,8.07359,0.219891
high_rank_noise,42,raw_linear,baseline_sklearn,200,0.785,0.784843,0.003581,0.229849,0.233429,0.015340853107368836,8.073428,0.219621
high_rank_noise,99,raw_linear,baseline_sklearn,200,0.782,0.781999,0.004139,0.324564,0.328703,0.012591914281281279,8.07359,0.2194
high_rank_noise,1337,raw_linear,baseline_sklearn,200,0.815,0.814958,0.003524,0.231387,0.234911,0.015001426072001736,8.073536,0.219783
high_rank_noise,2026,raw_linear,baseline_sklearn,200,0.797,0.796966,0.003413,0.212359,0.215772,0.015817622305025675,8.073428,0.219567
high_rank_noise,7,rff,baseline_sklearn,400,0.706,0.705989,0.196903,0.407174,0.604077,0.32595679027673624,19.922621,0.276897
high_rank_noise,42,rff,baseline_sklearn,400,0.692,0.691995,0.117819,0.591612,0.709431,0.16607534770823376,19.922463,0.277069
high_rank_noise,99,rff,baseline_sklearn,400,0.665,0.664997,0.283645,0.914217,1.197863,0.23679252134843468,19.922621,0.277369
high_rank_noise,1337,rff,baseline_sklearn,400,0.702,0.701695,0.112046,1.902554,2.014599,0.055617023536693906,19.922517,0.277217
high_rank_noise,2026,rff,baseline_sklearn,400,0.715,0.714997,0.198745,1.104407,1.303152,0.15251098874114455,19.922621,0.277123
high_rank_noise,7,pca,baseline_sklearn,199,0.774,0.773942,0.201092,0.489252,0.690344,0.29129245709385465,8.355594,0.217015
high_rank_noise,42,pca,baseline_sklearn,199,0.788,0.787857,0.091913,0.405537,0.49745,0.18476831842396219,8.355486,0.216907
high_rank_noise,99,pca,baseline_sklearn,199,0.783,0.782998,0.287992,0.403574,0.691566,0.41643458469618233,8.355594,0.217128
high_rank_noise,1337,pca,baseline_sklearn,199,0.816,0.815964,0.188104,0.394558,0.582662,0.3228355375843971,8.355648,0.216794
high_rank_noise,2026,pca,baseline_sklearn,199,0.798,0.797948,0.297751,0.399665,0.697416,0.42693456989802353,8.355486,0.216725
high_rank_noise,7,rbf_svm,baseline_sklearn,200,0.793,0.792983,0.0,0.725323,0.725323,0.0,0.0,12.848269
high_rank_noise,42,rbf_svm,baseline_sklearn,200,0.784,0.783688,0.0,0.747943,0.747943,0.0,0.0,12.848161
high_rank_noise,99,rbf_svm,baseline_sklearn,200,0.79,0.789946,0.0,0.72698,0.72698,0.0,0.0,12.847783
high_rank_noise,1337,rbf_svm,baseline_sklearn,200,0.807,0.80693,0.0,0.664689,0.664689,0.0,0.0,12.848269
high_rank_noise,2026,rbf_svm,baseline_sklearn,200,0.802,0.801866,0.0,0.768924,0.768924,0.0,0.0,12.848269
high_rank_noise,7,mlp,baseline_sklearn,200,0.788,0.787625,0.0,8.884894,8.884894,0.0,0.0,19.056011
high_rank_noise,42,mlp,baseline_sklearn,200,0.758,0.757752,0.0,3.545315,3.545315,0.0,0.0,19.057796
high_rank_noise,99,mlp,baseline_sklearn,200,0.779,0.77895,0.0,10.562307,10.562307,0.0,0.0,19.058046
high_rank_noise,1337,mlp,baseline_sklearn,200,0.799,0.798966,0.0,4.238973,4.238973,0.0,0.0,19.055376
high_rank_noise,2026,mlp,baseline_sklearn,200,0.797,0.796588,0.0,8.033662,8.033662,0.0,0.0,19.055592
high_rank_noise,7,torch_mlp,baseline_torch,200,0.766,0.765977,,,0.857978,,,24.66816
high_rank_noise,42,torch_mlp,baseline_torch,200,0.775,0.774919,,,0.884595,,,24.66816
high_rank_noise,99,torch_mlp,baseline_torch,200,0.739,0.738979,,,0.810709,,,24.66816
high_rank_noise,1337,torch_mlp,baseline_torch,200,0.808,0.807988,,,0.907244,,,24.66816
high_rank_noise,2026,torch_mlp,baseline_torch,200,0.777,0.776994,,,0.916292,,,24.66816
covertype,7,amplitude,qie_sklearn,64,0.5846,0.213115,0.012095,14.756032,14.768128,0.0008189934431770905,55.36244,5.302098
covertype,42,amplitude,qie_sklearn,64,0.5914,0.21773,0.010957,12.133443,12.1444,0.0009022265406277791,55.36244,5.305461
covertype,99,amplitude,qie_sklearn,64,0.5876,0.213485,0.01151,12.317293,12.328803,0.0009335861721531278,55.36244,5.308381
covertype,1337,amplitude,qie_sklearn,64,0.5829,0.21309,0.012219,11.825191,11.83741,0.0010322359367462984,55.36244,5.311341
covertype,2026,amplitude,qie_sklearn,64,0.586,0.209446,0.011519,13.749375,13.760894,0.0008370822418950396,55.36244,5.304678
covertype,7,angle,qie_sklearn,108,0.719,0.522343,0.122098,53.443922,53.56602,0.0022793927941631652,120.962416,5.37978
covertype,42,angle,qie_sklearn,108,0.7302,0.558168,0.059906,45.642673,45.702579,0.0013107794201285665,120.962416,5.37953
covertype,99,angle,qie_sklearn,108,0.7256,0.543735,0.065357,42.948035,43.013392,0.0015194570100400357,120.962416,5.387
covertype,1337,angle,qie_sklearn,108,0.7239,0.522857,0.060956,43.180248,43.241204,0.0014096739767005563,120.962416,5.384266
covertype,2026,angle,qie_sklearn,108,0.7285,0.539655,0.062835,43.940256,44.003092,0.001427967834623985,120.962416,5.383068
covertype,7,basis,qie_sklearn,432,0.7195,0.562592,0.418934,58.856768,59.275702,0.0070675502080093456,181.443082,144.286281
covertype,42,basis,qie_sklearn,432,0.7267,0.569075,0.051228,51.668113,51.719342,0.0009904998404658746,181.443082,144.288739
covertype,99,basis,qie_sklearn,432,0.7211,0.554536,0.052574,55.392832,55.445406,0.0009482120123712324,181.443082,144.292287
covertype,1337,basis,qie_sklearn,432,0.7224,0.546981,0.049792,48.914166,48.963958,0.0010169112554177097,181.443082,144.287923
covertype,2026,basis,qie_sklearn,432,0.7317,0.541951,0.049881,46.262045,46.311926,0.001077065980801576,181.443082,144.287097
covertype,7,amplitude_torch,qie_torch,64,0.5272,0.183482,,,5.327219,,,32.449024
covertype,42,amplitude_torch,qie_torch,64,0.5309,0.179719,,,4.902182,,,32.449024
covertype,99,amplitude_torch,qie_torch,64,0.527,0.173162,,,4.718499,,,32.449024
covertype,1337,amplitude_torch,qie_torch,64,0.5206,0.169945,,,4.901782,,,32.449024
covertype,2026,amplitude_torch,qie_torch,64,0.5217,0.169685,,,4.731017,,,32.449024
covertype,7,angle_torch,qie_torch,108,0.7127,0.482099,,,5.113266,,,41.26464
covertype,42,angle_torch,qie_torch,108,0.7254,0.527936,,,4.768958,,,41.26464
covertype,99,angle_torch,qie_torch,108,0.7164,0.497845,,,4.645555,,,41.26464
covertype,1337,angle_torch,qie_torch,108,0.7177,0.475327,,,4.819489,,,41.26464
covertype,2026,angle_torch,qie_torch,108,0.7249,0.496275,,,4.884682,,,41.26464
covertype,7,basis_torch,qie_torch,432,0.703,0.530256,,,4.989075,,,106.270208
covertype,42,basis_torch,qie_torch,432,0.717,0.54491,,,4.67741,,,106.270208
covertype,99,basis_torch,qie_torch,432,0.708,0.533098,,,4.503631,,,106.270208
covertype,1337,basis_torch,qie_torch,432,0.7092,0.512995,,,4.921116,,,106.270208
covertype,2026,basis_torch,qie_torch,432,0.7152,0.500492,,,5.146653,,,106.270208
covertype,7,raw_linear,baseline_sklearn,54,0.7151,0.511797,0.01263,17.370228,17.382858,0.0007265778734429057,21.67015,5.264819
covertype,42,raw_linear,baseline_sklearn,54,0.7211,0.539966,0.010927,12.412558,12.423484,0.0008795439346965794,21.670042,5.272562
covertype,99,raw_linear,baseline_sklearn,54,0.7208,0.52973,0.010668,14.454309,14.464978,0.0007375054424555641,21.670096,5.264553
covertype,1337,raw_linear,baseline_sklearn,54,0.7191,0.509098,0.010927,14.461474,14.472401,0.0007550233026296051,21.670096,5.262705
covertype,2026,raw_linear,baseline_sklearn,54,0.7239,0.519276,0.011556,15.405143,15.416699,0.0007495768062929684,21.670042,5.267051
covertype,7,rff,baseline_sklearn,108,0.7108,0.4973,0.15348,12.55198,12.705461,0.012079845036712954,51.964255,5.372156
covertype,42,rff,baseline_sklearn,108,0.7127,0.513253,0.235037,7.757408,7.992445,0.029407396610173733,51.964043,5.373812
covertype,99,rff,baseline_sklearn,108,0.7197,0.503373,0.154933,9.547774,9.702707,0.015968017997451636,51.964255,5.375415
covertype,1337,rff,baseline_sklearn,108,0.7081,0.497774,0.160209,9.248551,9.40876,0.017027642324812197,51.964196,5.374584
covertype,2026,rff,baseline_sklearn,108,0.7085,0.505484,0.160557,9.546303,9.706861,0.016540568573094844,51.964151,5.372883
covertype,7,poly2,baseline_sklearn,1539,0.7599,0.647955,14.036379,1994.173021,2008.2094,0.006989499700579034,1046.724662,8.423548
covertype,42,poly2,baseline_sklearn,1539,0.7666,0.66243,4.691614,394.214964,398.906579,0.011761184816157169,1046.724986,8.424334
covertype,99,poly2,baseline_sklearn,1539,0.7621,0.630687,0.813371,486.878364,487.691735,0.0016677973843456666,1046.724932,8.424216
covertype,1337,poly2,baseline_sklearn,1539,0.7663,0.649884,0.824782,446.17098,446.995762,0.0018451673821462315,1046.724932,8.424137
covertype,2026,poly2,baseline_sklearn,1539,0.7698,0.65225,5.722138,1315.977098,1321.699235,0.004329379822936797,1046.724986,8.423744
covertype,7,pca,baseline_sklearn,53,0.6677,0.298178,0.10533,85.498396,85.603726,0.0012304370956937084,21.294004,5.258043
covertype,42,pca,baseline_sklearn,53,0.6627,0.32819,0.023862,66.859552,66.883415,0.0003567700602608285,21.294274,5.258632
covertype,99,pca,baseline_sklearn,53,0.678,0.304775,0.018998,70.882655,70.901653,0.00026794861891301746,21.294382,5.258519
covertype,1337,pca,baseline_sklearn,53,0.6753,0.320828,0.086432,66.400466,66.486898,0.0012999854497648545,21.294004,5.259035
covertype,2026,pca,baseline_sklearn,53,0.6702,0.310973,0.188542,71.499006,71.687548,0.0026300522930425793,21.294058,5.258534
covertype,7,rbf_svm,baseline_sklearn,54,0.7414,0.492213,0.0,9.511216,9.511216,0.0,0.0,17.453105
covertype,42,rbf_svm,baseline_sklearn,54,0.7413,0.502272,0.0,9.343167,9.343167,0.0,0.0,17.453051
covertype,99,rbf_svm,baseline_sklearn,54,0.7479,0.496691,0.0,9.338781,9.338781,0.0,0.0,17.453051
covertype,1337,rbf_svm,baseline_sklearn,54,0.748,0.472049,0.0,9.19771,9.19771,0.0,0.0,17.452992
covertype,2026,rbf_svm,baseline_sklearn,54,0.7499,0.502471,0.0,9.245172,9.245172,0.0,0.0,17.452835
covertype,7,mlp,baseline_sklearn,54,0.8541,0.779722,0.0,602.08393,602.08393,0.0,0.0,51.09191
covertype,42,mlp,baseline_sklearn,54,0.8652,0.778179,0.0,161.053756,161.053756,0.0,0.0,51.088441
covertype,99,mlp,baseline_sklearn,54,0.8602,0.780331,0.0,141.152167,141.152167,0.0,0.0,51.091459
covertype,1337,mlp,baseline_sklearn,54,0.8468,0.76658,0.0,79.502688,79.502688,0.0,0.0,51.085023
covertype,2026,mlp,baseline_sklearn,54,0.8668,0.78744,0.0,884.043191,884.043191,0.0,0.0,51.092495
covertype,7,torch_mlp,baseline_torch,54,0.8559,0.786754,,,7.702446,,,31.204352
covertype,42,torch_mlp,baseline_torch,54,0.861,0.786249,,,7.624867,,,31.204352
covertype,99,torch_mlp,baseline_torch,54,0.8457,0.764466,,,7.722552,,,31.204352
covertype,1337,torch_mlp,baseline_torch,54,0.8613,0.782861,,,7.952592,,,31.204352
covertype,2026,torch_mlp,baseline_torch,54,0.8581,0.781489,,,8.251932,,,31.204352
