dataset,method,method_type,n_seeds,accuracy_mean,accuracy_std,accuracy_ci95,f1_macro_mean,f1_macro_std,f1_macro_ci95,feature_dim_mean,feature_dim_std,feature_dim_ci95,encoding_s_mean,encoding_s_std,encoding_s_ci95,training_s_mean,training_s_std,training_s_ci95,total_s_mean,total_s_std,total_s_ci95,overhead_ratio_mean,overhead_ratio_std,overhead_ratio_ci95,encoding_peak_mb_mean,encoding_peak_mb_std,encoding_peak_mb_ci95,training_peak_mb_mean,training_peak_mb_std,training_peak_mb_ci95
wine,amplitude,qie_sklearn,5,0.6277776,0.05046091,0.06265448,0.5017492,0.04358925,0.05412232,16,0.0,0.0,0.0002714,3.05e-06,3.79e-06,0.005315,0.00033265,0.00041303,0.0055862,0.00033086,0.00041081,0.04873945,0.00329939,0.00409667,0.051368,0.0,0.0,0.0704002,0.00125614,0.00155967
wine,angle,qie_sklearn,5,0.9722222,0.03402055,0.04224141,0.9733002,0.03341773,0.04149292,26,0.0,0.0,0.0001688,4.09e-06,5.07e-06,0.0072448,0.0025907,0.00321673,0.0074138,0.00258902,0.00321463,0.02447053,0.00619154,0.00768768,0.106128,0.0,0.0,0.067949,0.00139923,0.00173735
wine,basis,qie_sklearn,5,0.9166668,0.01964166,0.02438794,0.918541,0.02006061,0.02490813,104,0.0,0.0,0.000207,1.562e-05,1.94e-05,0.0082686,0.00169495,0.00210452,0.0084754,0.00170879,0.00212171,0.0248994,0.00319668,0.00396914,0.1643472,2.415e-05,2.999e-05,0.2622566,0.00129263,0.00160499
wine,amplitude_torch,qie_torch,5,0.3777778,0.0248454,0.03084914,0.182667,0.00894427,0.0111056,16,0.0,0.0,,,,,,,0.1944946,0.00392415,0.0048724,,,,,,,18.119168,0.0,0.0
wine,angle_torch,qie_torch,5,0.9444446,0.03928349,0.04877611,0.9447262,0.04005226,0.04973064,26,0.0,0.0,,,,,,,0.0372526,0.00153593,0.00190708,,,,,,,18.131968,0.0,0.0
wine,basis_torch,qie_torch,5,0.7555556,0.0496908,0.06169827,0.7396912,0.06072346,0.07539691,104,0.0,0.0,,,,,,,0.059266,0.01407225,0.01747273,,,,,,,18.235392,0.0,0.0
wine,raw_linear,baseline_sklearn,5,0.9777776,0.0124227,0.01542457,0.9776052,0.01259463,0.01563804,13,0.0,0.0,0.0007584,3.375e-05,4.191e-05,0.004159,0.00019073,0.00023682,0.004917,0.00019615,0.00024354,0.15438427,0.0078902,0.00979682,0.0358504,4.83e-05,5.997e-05,0.051288,0.00038007,0.00047192
wine,rff,baseline_sklearn,5,0.888889,0.027778,0.03449038,0.891137,0.02543536,0.03158166,26,0.0,0.0,0.0027092,1.851e-05,2.299e-05,0.0037782,0.00012595,0.00015639,0.0064878,0.00013678,0.00016983,0.41770282,0.00742855,0.00922361,0.0875542,0.00025957,0.00032229,0.0631516,0.00039682,0.00049271
wine,poly2,baseline_sklearn,5,0.961111,0.03167144,0.03932465,0.9613216,0.03158045,0.03921167,104,0.0,0.0,0.0027286,5.3e-05,6.581e-05,0.005912,0.00056459,0.00070102,0.0086404,0.00060058,0.00074571,0.31680881,0.01885458,0.02341068,0.33011,0.00012664,0.00015724,0.1416518,0.00053771,0.00066764
wine,poly3,baseline_sklearn,5,0.9499998,0.030429,0.03778198,0.9497324,0.03097207,0.03845628,559,0.0,0.0,0.0043126,8.758e-05,0.00010875,0.0161706,0.01390449,0.01726442,0.0204834,0.01388646,0.01724204,0.26201038,0.09625369,0.11951281,1.4553732,0.00012314,0.00015289,0.5998098,0.00085203,0.00105791
wine,pca,baseline_sklearn,5,0.9277778,0.03167131,0.03932449,0.9289504,0.03026586,0.03757942,12,0.0,0.0,0.0008152,9.42e-06,1.169e-05,0.0696242,0.01534908,0.01905809,0.0704394,0.01534813,0.0190569,0.0119698,0.00229297,0.00284705,0.0326532,7.041e-05,8.742e-05,0.0493054,0.00086007,0.00106791
wine,rbf_svm,baseline_sklearn,5,0.9666664,0.02324074,0.02885672,0.9666812,0.0224932,0.02792855,13,0.0,0.0,0.0,0.0,0.0,0.0099562,0.01447993,0.01797892,0.0099562,0.01447993,0.01797892,0.0,0.0,0.0,0.0,0.0,0.0,0.0423112,0.00020764,0.00025781
wine,mlp,baseline_sklearn,5,0.9388888,0.05343158,0.06634299,0.9410992,0.05081464,0.06309368,13,0.0,0.0,0.0,0.0,0.0,0.4358836,0.22311523,0.27702965,0.4358836,0.22311523,0.27702965,0.0,0.0,0.0,0.0,0.0,0.0,2.8973536,0.00209857,0.00260567
wine,torch_mlp,baseline_torch,5,0.961111,0.03167144,0.03932465,0.9617618,0.03042242,0.03777381,13,0.0,0.0,,,,,,,0.1137122,0.04100127,0.05090898,,,,,,,18.774528,0.0,0.0
breast_cancer,amplitude,qie_sklearn,5,0.7789476,0.02353775,0.0292255,0.7101114,0.04011772,0.04981192,32,0.0,0.0,0.0003958,3.77e-06,4.68e-06,0.0041766,0.00028461,0.00035338,0.004572,0.00028134,0.00034933,0.08686442,0.00599499,0.00744364,0.341072,0.0,0.0,0.0662026,0.00088434,0.00109804
breast_cancer,angle,qie_sklearn,5,0.9771928,0.01467836,0.0182253,0.9754676,0.01577891,0.01959178,60,0.0,0.0,0.0006708,0.00010679,0.0001326,0.005145,0.00065705,0.00081582,0.0058156,0.00066792,0.00082932,0.11620747,0.01952124,0.02423843,0.767456,0.0,0.0,0.0645684,0.00085124,0.00105694
breast_cancer,basis,qie_sklearn,5,0.9403506,0.00733882,0.0091122,0.935653,0.00764565,0.00949318,240,0.0,0.0,0.0006264,4.751e-05,5.899e-05,0.0084926,0.00164218,0.002039,0.009119,0.00165121,0.00205021,0.07017698,0.01099058,0.01364639,1.149074,0.0,0.0,0.9929952,0.00131088,0.00162764
breast_cancer,amplitude_torch,qie_torch,5,0.631579,0.0,0.0,0.387097,0.0,0.0,32,0.0,0.0,,,,,,,0.2263346,0.00248658,0.00308744,,,,,,,18.209792,0.0,0.0
breast_cancer,angle_torch,qie_torch,5,0.9491224,0.00960924,0.01193126,0.9442354,0.01029617,0.01278418,60,0.0,0.0,,,,,,,0.0709252,0.00142163,0.00176516,,,,,,,18.302464,0.0,0.0
breast_cancer,basis_torch,qie_torch,5,0.9052634,0.01687328,0.0209506,0.8964804,0.01812361,0.02250306,240,0.0,0.0,,,,,,,0.0734858,0.00721721,0.0089612,,,,,,,18.900992,0.0,0.0
breast_cancer,raw_linear,baseline_sklearn,5,0.973684,0.01386975,0.01722129,0.9718056,0.01475831,0.01832457,30,0.0,0.0,0.000855,3.155e-05,3.918e-05,0.005913,0.00226255,0.00280928,0.0067684,0.00226168,0.0028082,0.13749562,0.04207584,0.05224321,0.19398,0.0,0.0,0.051257,0.00029037,0.00036053
breast_cancer,rff,baseline_sklearn,5,0.9263158,0.01818955,0.02258494,0.9198386,0.01948517,0.02419364,60,0.0,0.0,0.0037926,0.00057788,0.00071752,0.0063266,0.00611568,0.00759349,0.0101192,0.0058408,0.0072522,0.44987947,0.16468993,0.20448624,0.4190108,0.00014691,0.00018241,0.059823,0.00026452,0.00032844
breast_cancer,poly2,baseline_sklearn,5,0.9701752,0.01593513,0.01978575,0.9682798,0.0168856,0.0209659,495,0.0,0.0,0.0068444,0.00162238,0.00201442,0.0102354,0.00091408,0.00113497,0.0170798,0.00237715,0.00295157,0.39736616,0.03795788,0.04713017,3.9315486,6.157e-05,7.645e-05,0.2008922,0.00073588,0.00091371
breast_cancer,poly3,baseline_sklearn,5,0.9578944,0.00960924,0.01193126,0.9554206,0.01023333,0.01270615,5455,0.0,0.0,0.0252012,0.00082144,0.00101993,10.0050642,0.87558507,1.0871648,10.0302652,0.87612199,1.08783146,0.00252385,0.00017323,0.00021508,42.9004518,0.00012892,0.00016008,1.8277128,0.00161633,0.00200691
breast_cancer,pca,baseline_sklearn,5,0.950877,0.013303,0.01651759,0.9474068,0.01432751,0.01778967,29,0.0,0.0,0.0014852,0.00041515,0.00051547,0.1306048,0.00648622,0.00805357,0.13209,0.00624995,0.00776021,0.01133107,0.00356014,0.00442043,0.1827972,0.00012314,0.00015289,0.0497748,0.00022837,0.00028355
breast_cancer,rbf_svm,baseline_sklearn,5,0.9719296,0.01143729,0.01420104,0.9700158,0.01200207,0.0149023,30,0.0,0.0,0.0,0.0,0.0,0.0047178,4.789e-05,5.947e-05,0.0047178,4.789e-05,5.947e-05,0.0,0.0,0.0,0.0,0.0,0.0,0.2342074,0.0002042,0.00025355
breast_cancer,mlp,baseline_sklearn,5,0.9561402,0.01754363,0.02178293,0.9526468,0.01922616,0.02387204,30,0.0,0.0,0.0,0.0,0.0,2.049603,0.95776838,1.1892072,2.049603,0.95776838,1.1892072,0.0,0.0,0.0,0.0,0.0,0.0,3.8629322,0.00520794,0.00646641
breast_cancer,torch_mlp,baseline_torch,5,0.9754384,0.01687328,0.0209506,0.9737856,0.01788995,0.02221295,30,0.0,0.0,,,,,,,0.1823042,0.03718852,0.04617489,,,,,,,19.087872,0.0,0.0
dry_bean,amplitude,qie_sklearn,5,0.260375,0.0,0.0,0.059024,0.0,0.0,16,0.0,0.0,0.002067,0.00010518,0.00013059,0.0250904,0.00314043,0.0038993,0.0271576,0.00312253,0.00387707,0.07693748,0.00966187,0.01199661,3.02856,0.0,0.0,1.4756716,0.00068149,0.00084617
dry_bean,angle,qie_sklearn,5,0.9253764,0.00522862,0.00649209,0.9372194,0.00444594,0.00552028,32,0.0,0.0,0.008414,0.00024568,0.00030505,0.9015874,0.16367562,0.20322682,0.910002,0.16375689,0.20332774,0.00950472,0.00186421,0.00231469,9.75848,0.0,0.0,1.5032806,0.00295031,0.00366323
dry_bean,basis,qie_sklearn,5,0.9168564,0.00291025,0.00361349,0.9285912,0.00229728,0.0028524,128,0.0,0.0,0.0061536,0.00039209,0.00048684,11.4423554,0.85240423,1.05838246,11.4485088,0.85275001,1.05881179,0.00053809,1.794e-05,2.227e-05,14.6355524,3.22e-05,3.998e-05,12.8402068,0.00110343,0.00137006
dry_bean,amplitude_torch,qie_torch,5,0.260375,0.0,0.0,0.059024,0.0,0.0,16,0.0,0.0,,,,,,,1.4913874,0.0583515,0.07245178,,,,,,,19.163648,0.0,0.0
dry_bean,angle_torch,qie_torch,5,0.9144328,0.00465964,0.00578562,0.9277116,0.00418365,0.00519461,32,0.0,0.0,,,,,,,1.4067566,0.06395068,0.07940397,,,,,,,20.05248,0.0,0.0
dry_bean,basis_torch,qie_torch,5,0.909585,0.00211613,0.00262747,0.9211772,0.0024565,0.0030501,128,0.0,0.0,,,,,,,1.352201,0.04965638,0.06165554,,,,,,,25.38496,0.0,0.0
dry_bean,raw_linear,baseline_sklearn,5,0.921704,0.00549284,0.00682015,0.933964,0.00463968,0.00576083,16,0.0,0.0,0.0019546,9.573e-05,0.00011886,0.107036,0.02786485,0.03459822,0.1089904,0.02789143,0.03463122,0.01887462,0.00468759,0.00582031,1.8113164,0.00018152,0.00022539,1.45954,0.00139242,0.00172888
dry_bean,rff,baseline_sklearn,5,0.915461,0.0085707,0.01064176,0.9260268,0.00875352,0.01086875,32,0.0,0.0,0.0309694,0.02654234,0.03295613,0.1806662,0.03127493,0.03883233,0.2116356,0.02903594,0.0360523,0.14429317,0.12594854,0.15638322,4.2617184,0.0003021,0.00037511,1.490079,0.00068537,0.00085099
dry_bean,poly2,baseline_sklearn,5,0.9247154,0.00479548,0.00595427,0.9365708,0.00416034,0.00516566,152,0.0,0.0,0.070527,0.02826599,0.0350963,11.0694734,1.01646037,1.26208174,11.1400004,1.01641615,1.26202684,0.00637384,0.00263875,0.00327639,28.2163236,0.00013554,0.00016829,1.738935,0.00290507,0.00360706
dry_bean,poly3,baseline_sklearn,5,0.9268452,0.00376661,0.00467679,0.9383084,0.00297081,0.00368869,968,0.0,0.0,0.158095,0.03134857,0.03892376,220.1258038,18.8058536,23.35017202,220.283899,18.80576543,23.35006255,0.00072116,0.00014828,0.00018411,179.3046512,0.00012314,0.00015289,3.6129202,0.00087398,0.00108517
dry_bean,pca,baseline_sklearn,5,0.9038558,0.00413367,0.00513255,0.916243,0.00315501,0.0039174,15,0.0,0.0,0.001856,0.00028924,0.00035913,4.511872,0.18576621,0.23065546,4.5137278,0.18570197,0.23057571,0.00041221,6.924e-05,8.597e-05,1.7051816,0.00013554,0.00016829,1.4545398,0.00084903,0.00105419
dry_bean,rbf_svm,baseline_sklearn,5,0.9286082,0.00489679,0.00608007,0.9401754,0.00433945,0.00538805,16,0.0,0.0,0.0,0.0,0.0,0.4035814,0.00592861,0.00736122,0.4035814,0.00592861,0.00736122,0.0,0.0,0.0,0.0,0.0,0.0,2.8864488,0.00023655,0.00029371
dry_bean,mlp,baseline_sklearn,5,0.928241,0.00527482,0.00654945,0.939841,0.00445933,0.0055369,16,0.0,0.0,0.0,0.0,0.0,44.641021,18.52289592,22.99883937,44.641021,18.52289592,22.99883937,0.0,0.0,0.0,0.0,0.0,0.0,9.7512488,0.01727174,0.02144535
dry_bean,torch_mlp,baseline_torch,5,0.929269,0.00597601,0.00742008,0.9407178,0.00568944,0.00706426,16,0.0,0.0,,,,,,,2.2127224,0.07367193,0.09147429,,,,,,,20.013056,0.0,0.0
credit_card_fraud,amplitude,qie_sklearn,5,0.9988028,8.809e-05,0.00010938,0.7599888,0.01579508,0.01961187,32,0.0,0.0,0.0449008,0.00258097,0.00320464,1.2032218,0.14436743,0.17925293,1.2481228,0.14612564,0.181436,0.03627071,0.00356043,0.00442078,165.873712,0.0,0.0,7.570822,0.00041883,0.00052004
credit_card_fraud,angle,qie_sklearn,5,0.9990906,3.984e-05,4.947e-05,0.844698,0.01208448,0.01500462,58,0.0,0.0,0.8422522,0.5645413,0.70095921,1.0861074,0.30606846,0.38002801,1.9283594,0.81141493,1.00748834,0.39681951,0.149476,0.18559595,370.02332,0.0,0.0,7.572994,0.00030151,0.00037437
credit_card_fraud,basis,qie_sklearn,5,0.9993152,7.733e-05,9.602e-05,0.8866068,0.01238824,0.01538179,232,0.0,0.0,1.3856064,0.92679303,1.15074684,4.9305974,1.01476739,1.25997966,6.3162038,1.89315973,2.35063009,0.19740604,0.0982109,0.12194295,555.0328124,3.22e-05,3.998e-05,430.497027,0.00048449,0.00060156
credit_card_fraud,amplitude_torch,qie_torch,5,0.9986518,7.698e-05,9.558e-05,0.6985326,0.01999337,0.02482465,32,0.0,0.0,,,,,,,28.0562858,0.89234346,1.10797275,,,,,,,68.35456,0.0,0.0
credit_card_fraud,angle_torch,qie_torch,5,0.999017,7.044e-05,8.746e-05,0.8245318,0.01930263,0.02396699,58,0.0,0.0,,,,,,,28.108092,0.49622942,0.61614019,,,,,,,97.7792,0.0,0.0
credit_card_fraud,basis_torch,qie_torch,5,0.9992696,6.26e-05,7.772e-05,0.87501,0.01414274,0.01756024,232,0.0,0.0,,,,,,,27.5781874,0.62641264,0.77778139,,,,,,,296.38656,0.0,0.0
credit_card_fraud,raw_linear,baseline_sklearn,5,0.9991396,9.371e-05,0.00011635,0.853812,0.01828452,0.02270286,29,0.0,0.0,0.1012458,0.11750604,0.14590065,1.7894224,0.39200383,0.48672914,1.8906684,0.45656237,0.56688784,0.04875455,0.04522076,0.05614808,66.1447012,4.518e-05,5.61e-05,7.554686,0.00066342,0.00082373
credit_card_fraud,rff,baseline_sklearn,5,0.9982972,1.238e-05,1.537e-05,0.5153974,0.01117665,0.01387741,58,0.0,0.0,0.5970032,0.21831215,0.27106593,1.182475,0.0962473,0.11950486,1.779478,0.29180565,0.36231868,0.32762126,0.06488346,0.08056214,158.6706334,0.00011395,0.00014148,7.5633914,0.00045808,0.00056877
credit_card_fraud,poly2,baseline_sklearn,5,0.9993782,4.055e-05,5.035e-05,0.9032792,0.00675194,0.0083835,464,0.0,0.0,14.6180866,6.10922797,7.5854852,24.0977328,5.14933708,6.3936426,38.7158194,7.35248497,9.12916757,0.36747915,0.13684445,0.16991206,1797.3418436,9.036e-05,0.00011219,7.684618,0.00167809,0.0020836
credit_card_fraud,pca,baseline_sklearn,5,0.9991328,7.542e-05,9.365e-05,0.8523362,0.0148598,0.01845058,28,0.0,0.0,0.0935952,0.04845474,0.06016353,29.7006942,4.96084074,6.15959728,29.794289,4.9793802,6.18261669,0.00311489,0.00151748,0.00188417,63.8737,0.00013767,0.00017094,7.5540738,0.00067419,0.0008371
credit_card_fraud,rbf_svm,baseline_sklearn,5,0.9985536,9.506e-05,0.00011803,0.6409484,0.04426162,0.05495717,29,0.0,0.0,0.0,0.0,0.0,1.580767,0.02248431,0.0279175,1.580767,0.02248431,0.0279175,0.0,0.0,0.0,0.0,0.0,0.0,14.5348958,0.00458338,0.00569092
credit_card_fraud,mlp,baseline_sklearn,5,0.9994558,5.402e-05,6.707e-05,0.9154228,0.00948426,0.01177607,29,0.0,0.0,0.0,0.0,0.0,337.017515,11.52411457,14.30884572,337.017515,11.52411457,14.30884572,0.0,0.0,0.0,0.0,0.0,0.0,189.3120438,0.00071167,0.00088364
credit_card_fraud,torch_mlp,baseline_torch,5,0.999449,1.565e-05,1.943e-05,0.9141182,0.00587112,0.00728984,29,0.0,0.0,,,,,,,45.6547054,0.72440584,0.89945404,,,,,,,66.07616,0.0,0.0
fashion_mnist,amplitude,qie_sklearn,5,0.8209,0.00932336,0.01157629,0.8181266,0.00924858,0.01148344,1024,0.0,0.0,0.0328806,0.00159752,0.00198355,74.7094638,11.25923374,13.97995806,74.7423442,11.25795111,13.9783655,0.00045,8.582e-05,0.00010656,165.954456,0.0,0.0,4.8228092,0.00270057,0.00335314
fashion_mnist,angle,qie_sklearn,5,0.8232,0.00423674,0.00526053,0.8236946,0.00444866,0.00552365,1568,0.0,0.0,0.1718614,0.003915,0.00486104,480.2440388,96.11024792,119.33469599,480.4159008,96.11318828,119.33834688,0.0003701,7.845e-05,9.74e-05,351.247216,0.0,0.0,6.593337,0.00151985,0.00188711
fashion_mnist,basis,qie_sklearn,5,0.8192,0.00651537,0.00808976,0.8189972,0.0063241,0.00785227,6272,0.0,0.0,0.1543584,0.00196649,0.00244169,94.2128718,23.68868836,29.41291366,94.36723,23.68803039,29.4120967,0.00171427,0.00039331,0.00048835,526.8686084,3.22e-05,3.998e-05,422.8555316,0.00085264,0.00105868
fashion_mnist,amplitude_torch,qie_torch,5,0.8051,0.00634823,0.00788224,0.8017858,0.00596431,0.00740555,1024,0.0,0.0,,,,,,,1.1666682,0.06383721,0.07926308,,,,,,,61.18144,0.0,0.0
fashion_mnist,angle_torch,qie_torch,5,0.8446,0.00536656,0.00666336,0.8444412,0.00556988,0.0069158,1568,0.0,0.0,,,,,,,1.0082446,0.04341153,0.05390165,,,,,,,84.561408,0.0,0.0
fashion_mnist,basis_torch,qie_torch,5,0.8208,0.00568551,0.00705938,0.8210498,0.00506495,0.00628886,6272,0.0,0.0,,,,,,,1.08796,0.02551583,0.03168158,,,,,,,282.680832,0.0,0.0
fashion_mnist,raw_linear,baseline_sklearn,5,0.7973,0.00725948,0.00901368,0.7974602,0.00674769,0.00837823,784,0.0,0.0,0.0279018,0.0010677,0.00132571,230.2779786,75.7136771,94.00941976,230.3058804,75.71460056,94.01056637,0.00013312,4.643e-05,5.765e-05,56.6294072,2.415e-05,2.999e-05,54.1875206,0.00066945,0.00083122
fashion_mnist,rff,baseline_sklearn,5,0.8047,0.00806691,0.01001623,0.8025594,0.00791508,0.00982771,256,0.0,0.0,0.1099948,0.05964403,0.07405664,4.3682506,0.5230875,0.64948836,4.4782458,0.50269379,0.62416664,0.02518037,0.01367021,0.01697353,56.6345874,3.22e-05,3.998e-05,18.6191472,0.00066514,0.00082587
fashion_mnist,pca,baseline_sklearn,5,0.831,0.00605186,0.00751425,0.830388,0.00633631,0.00786744,256,0.0,0.0,4.104348,1.55881889,1.93549785,23.2740822,1.26517164,1.57089256,27.3784306,2.42731218,3.01385718,0.14737775,0.04466604,0.05545931,12.3067292,2.415e-05,2.999e-05,18.6179962,0.0002279,0.00028297
fashion_mnist,rbf_svm,baseline_sklearn,5,0.853,0.0101612,0.01261659,0.8509892,0.01060528,0.01316798,784,0.0,0.0,0.0,0.0,0.0,3.4885084,0.07641172,0.09487614,3.4885084,0.07641172,0.09487614,0.0,0.0,0.0,0.0,0.0,0.0,125.5344916,0.00027845,0.00034574
fashion_mnist,mlp,baseline_sklearn,5,0.8538,0.00381772,0.00474025,0.8532536,0.00489402,0.00607663,784,0.0,0.0,0.0,0.0,0.0,36.3681384,23.36547707,29.01160036,36.3681384,23.36547707,29.01160036,0.0,0.0,0.0,0.0,0.0,0.0,59.6794072,0.0186057,0.02310165
fashion_mnist,torch_mlp,baseline_torch,5,0.8592,0.00918286,0.01140185,0.8592716,0.00922198,0.01145041,784,0.0,0.0,,,,,,,1.7040888,0.04813109,0.05976167,,,,,,,54.038016,0.0,0.0
cifar10,amplitude,qie_sklearn,5,0.3781,0.01159957,0.01440253,0.370023,0.01176554,0.01460861,4096,0.0,0.0,0.1150892,0.00457315,0.00567823,36.3108932,14.50299938,18.00755965,36.4259822,14.50640815,18.01179213,0.0034673,0.00100311,0.00124551,655.42652,0.0,0.0,14.5737412,0.00163619,0.00203157
cifar10,angle,qie_sklearn,5,0.3057,0.00854839,0.01061406,0.3065344,0.00804656,0.00999097,6144,0.0,0.0,5.47706,7.93375818,9.85090187,554.0431078,245.78642389,305.17919588,559.5201676,252.37999756,313.36606591,0.00803126,0.00911434,0.01131676,1376.307824,0.0,0.0,21.0547814,0.0034172,0.00424295
cifar10,basis,qie_sklearn,5,0.3276,0.00907882,0.01127266,0.3263024,0.00789477,0.00980249,24576,0.0,0.0,13.9616184,13.18620542,16.37257055,79.4747982,21.02109391,26.10071147,93.4364168,30.43505122,37.78949345,0.12812348,0.12113767,0.15040984,2064.4595348,3.944e-05,4.897e-05,1652.8848774,0.00132369,0.00164355
cifar10,amplitude_torch,qie_torch,5,0.368,0.00951972,0.0118201,0.360362,0.01031018,0.01280157,4096,0.0,0.0,,,,,,,1.1666524,0.05934315,0.07368306,,,,,,,191.892992,0.0,0.0
cifar10,angle_torch,qie_torch,5,0.3409,0.01240665,0.01540464,0.3366902,0.01318107,0.01636619,6144,0.0,0.0,,,,,,,1.0858266,0.04665084,0.05792372,,,,,,,277.024256,0.0,0.0
cifar10,basis_torch,qie_torch,5,0.3232,0.00561916,0.006977,0.320701,0.00518128,0.0064333,24576,0.0,0.0,,,,,,,1.0671886,0.03760717,0.04669471,,,,,,,1055.002112,0.0,0.0
cifar10,raw_linear,baseline_sklearn,5,0.2755,0.00927362,0.01151453,0.2751722,0.00862325,0.01070701,3072,0.0,0.0,0.117216,0.01088771,0.01351865,497.705368,186.06270662,231.02361102,497.822584,186.07135163,231.03434505,0.00025643,7.175e-05,8.909e-05,221.5832312,2.415e-05,2.999e-05,208.1110744,0.00130808,0.00162417
cifar10,rff,baseline_sklearn,5,0.3615,0.01303361,0.0161831,0.3565312,0.01238669,0.01537986,256,0.0,0.0,0.2897106,0.00351631,0.004366,4.1213136,0.26674492,0.33120218,4.4110242,0.26774735,0.33244684,0.06585626,0.00371139,0.00460823,221.5884348,3.144e-05,3.903e-05,18.6203362,0.00192298,0.00238766
cifar10,pca,baseline_sklearn,5,0.3672,0.01463557,0.01817217,0.3640592,0.01495234,0.01856548,256,0.0,0.0,5.1959828,2.77014101,3.43952848,12.4035528,1.07002516,1.32859013,17.5995356,3.68244583,4.57228614,0.28264216,0.07962642,0.09886766,127.4753994,2.958e-05,3.672e-05,18.620129,0.00152708,0.00189609
cifar10,rbf_svm,baseline_sklearn,5,0.4573,0.00972497,0.01207495,0.4540068,0.00972865,0.01207951,3072,0.0,0.0,0.0,0.0,0.0,77.7701258,9.05792622,11.24671817,77.7701258,9.05792622,11.24671817,0.0,0.0,0.0,0.0,0.0,0.0,491.6694812,8.937e-05,0.00011096
cifar10,mlp,baseline_sklearn,5,0.4131,0.00797966,0.0099079,0.4127302,0.00849425,0.01054684,3072,0.0,0.0,0.0,0.0,0.0,31.1051196,9.63791784,11.96686119,31.1051196,9.63791784,11.96686119,0.0,0.0,0.0,0.0,0.0,0.0,229.0895246,0.01523689,0.01891879
cifar10,torch_mlp,baseline_torch,5,0.4321,0.0139705,0.01734639,0.432434,0.01368265,0.01698898,3072,0.0,0.0,,,,,,,1.7193202,0.08168125,0.10141902,,,,,,,160.664064,0.0,0.0
higgs,amplitude,qie_sklearn,5,0.64275,0.00107259,0.00133178,0.6369866,0.00104078,0.00129227,32,0.0,0.0,0.1031242,0.0806659,0.10015832,5.4064056,0.41696207,0.51771838,5.5095294,0.42288996,0.5250787,0.01862848,0.01413329,0.01754851,284.802552,0.0,0.0,13.2575214,0.00252759,0.00313836
higgs,angle,qie_sklearn,5,0.65796,0.00076935,0.00095526,0.6497132,0.00080004,0.00099337,56,0.0,0.0,1.3161404,1.36538584,1.69532289,59.627274,6.13351495,7.61564097,60.9434148,7.1172334,8.83706891,0.02027713,0.01924973,0.02390131,627.203024,0.0,0.0,13.2558068,0.00272831,0.00338759
higgs,basis,qie_sklearn,5,0.66942,0.00174154,0.00216237,0.6652304,0.00213262,0.00264796,224,0.0,0.0,1.6608292,0.70213595,0.87180276,150.3458296,7.16170151,8.89228247,152.0066588,7.54925244,9.37348269,0.01084016,0.00437612,0.00543358,940.8023828,3.944e-05,4.897e-05,730.0971808,0.00191909,0.00238282
higgs,amplitude_torch,qie_torch,5,0.633808,0.00106215,0.00131882,0.6274396,0.00197411,0.00245114,32,0.0,0.0,,,,,,,48.9983574,0.78878589,0.97939113,,,,,,,107.511808,0.0,0.0
higgs,angle_torch,qie_torch,5,0.645546,0.0006193,0.00076895,0.6362816,0.00412211,0.00511819,56,0.0,0.0,,,,,,,48.273357,1.24620366,1.54734109,,,,,,,156.101632,0.0,0.0
higgs,basis_torch,qie_torch,5,0.66788,0.00242329,0.00300887,0.6649952,0.00177849,0.00220825,224,0.0,0.0,,,,,,,47.4848128,1.21214339,1.50505036,,,,,,,492.406784,0.0,0.0
higgs,raw_linear,baseline_sklearn,5,0.641384,0.00083215,0.00103324,0.6337164,0.00083103,0.00103184,28,0.0,0.0,0.0634316,0.00241058,0.00299308,1.76484,0.13292795,0.16504916,1.8282718,0.13229803,0.16426703,0.03485831,0.00311239,0.00386448,100.9383352,2.415e-05,2.999e-05,102.835819,0.0004812,0.00059748
higgs,rff,baseline_sklearn,5,0.58767,0.00314549,0.00390558,0.5763922,0.00410816,0.00510087,56,0.0,0.0,0.2573012,0.04566996,0.05670582,1.4108146,0.15524094,0.19275395,1.6681162,0.16263196,0.20193098,0.15483021,0.02824049,0.03506463,134.4507996,0.00023019,0.00028581,192.443736,0.00045782,0.00056845
higgs,poly2,baseline_sklearn,5,0.67868,0.00095336,0.00118374,0.6725502,0.00090909,0.00112877,434,0.0,0.0,12.583327,5.30466351,6.58650269,193.1434062,22.10857515,27.45097584,205.7267332,27.11533817,33.66759225,0.05916815,0.0211671,0.02628199,2256.9604084,0.00011831,0.0001469,1402.1586666,0.0041101,0.00510328
higgs,pca,baseline_sklearn,5,0.613552,0.000635,0.00078844,0.6058826,0.00045227,0.00056156,27,0.0,0.0,0.0417412,0.01780004,0.0221013,2.1637688,0.11126065,0.1381461,2.2055106,0.11498557,0.14277113,0.0188656,0.00766445,0.00951651,54.043722,0.000108,0.0001341,99.6340346,0.00078236,0.00097141
higgs,rbf_svm,baseline_sklearn,5,0.679268,0.00150885,0.00187345,0.673773,0.00200276,0.00248671,28,0.0,0.0,0.0,0.0,0.0,54.2739374,0.58363177,0.72466278,54.2739374,0.58363177,0.72466278,0.0,0.0,0.0,0.0,0.0,0.0,38.161244,0.00573393,0.0071195
higgs,mlp,baseline_sklearn,5,0.746732,0.00134055,0.00166448,0.745241,0.002144,0.00266208,28,0.0,0.0,0.0,0.0,0.0,220.799401,11.44179878,14.20663882,220.799401,11.44179878,14.20663882,0.0,0.0,0.0,0.0,0.0,0.0,165.423428,0.00288699,0.00358462
higgs,torch_mlp,baseline_torch,5,0.748414,0.00176766,0.00219481,0.747381,0.00184004,0.00228468,28,0.0,0.0,,,,,,,79.6354642,1.92827468,2.39423035,,,,,,,100.328448,0.0,0.0
high_dim_parity,amplitude,qie_sklearn,5,0.4887,0.00852643,0.01058679,0.487331,0.00856117,0.01062992,32,0.0,0.0,0.0027242,0.00017459,0.00021678,0.0039758,0.00018844,0.00023398,0.0067002,0.00032722,0.00040629,0.40645613,0.01178848,0.0146371,4.674552,0.0,0.0,0.3135238,0.00013996,0.00017378
high_dim_parity,angle,qie_sklearn,5,0.5009,0.00435029,0.00540151,0.5006246,0.00429376,0.00533132,40,0.0,0.0,0.0079128,0.00042935,0.0005331,0.0058454,0.00100332,0.00124577,0.013758,0.0009996,0.00124115,0.57702903,0.04329495,0.0537569,8.962896,0.0,0.0,0.3068148,0.00034958,0.00043406
high_dim_parity,basis,qie_sklearn,5,0.5056,0.01176542,0.01460846,0.505315,0.01167823,0.0145002,160,0.0,0.0,0.005704,0.00027698,0.00034391,1.0726002,0.25859915,0.32108804,1.0783042,0.25848389,0.32094492,0.00555104,0.00141447,0.00175627,13.4422196,3.22e-05,3.998e-05,10.5811878,0.00050619,0.00062851
high_dim_parity,amplitude_torch,qie_torch,5,0.4895,0.00838898,0.01041613,0.4886872,0.00819058,0.01016978,32,0.0,0.0,,,,,,,1.1421772,0.04543327,0.05641194,,,,,,,19.536384,0.0,0.0
high_dim_parity,angle_torch,qie_torch,5,0.5025,0.00467707,0.00580726,0.4985824,0.00301355,0.00374176,40,0.0,0.0,,,,,,,0.9964608,0.03970624,0.04930101,,,,,,,19.864576,0.0,0.0
high_dim_parity,basis_torch,qie_torch,5,0.504,0.00496236,0.00616148,0.4992042,0.00939767,0.01166855,160,0.0,0.0,,,,,,,1.0538992,0.03924316,0.04872603,,,,,,,24.790528,0.0,0.0
high_dim_parity,raw_linear,baseline_sklearn,5,0.4897,0.00514296,0.00638572,0.4883524,0.00526156,0.00653299,20,0.0,0.0,0.0017152,6.302e-05,7.825e-05,0.003331,4.211e-05,5.229e-05,0.0050462,9.134e-05,0.00011341,0.33982372,0.007282,0.00904165,1.6691944,6.157e-05,7.645e-05,0.2959622,5.897e-05,7.322e-05
high_dim_parity,rff,baseline_sklearn,5,0.5007,0.00830361,0.01031013,0.4997996,0.00868296,0.01078115,40,0.0,0.0,0.0092022,0.00026512,0.00032919,0.0052418,0.00057834,0.00071809,0.014444,0.00080856,0.00100395,0.6379433,0.02069334,0.02569376,3.9230398,6.44e-05,7.996e-05,0.3025234,0.00019641,0.00024387
high_dim_parity,poly2,baseline_sklearn,5,0.4931,0.01568996,0.01948135,0.4930408,0.01567236,0.01945949,230,0.0,0.0,0.0605478,0.0239926,0.02979026,0.0663314,0.08341598,0.10357294,0.1268794,0.063178,0.07844458,0.60947624,0.35221072,0.43732026,31.3666972,5.915e-05,7.345e-05,0.3590284,8.621e-05,0.00010704
high_dim_parity,poly3,baseline_sklearn,5,0.4977,0.01041993,0.01293785,0.4975878,0.01038848,0.01289879,1770,0.0,0.0,0.229561,0.00560269,0.00695654,3.7818184,0.33503772,0.41599752,4.0113792,0.33266878,0.41305614,0.05755056,0.00499179,0.00619803,240.9544548,4.518e-05,5.61e-05,0.8160872,0.00196509,0.00243994
high_dim_parity,pca,baseline_sklearn,5,0.4895,0.00925338,0.0114894,0.488079,0.00927386,0.01151483,19,0.0,0.0,0.0018218,0.00020707,0.00025711,0.0371394,0.04567362,0.05671037,0.038961,0.04579139,0.05685659,0.19404336,0.15862434,0.19695493,1.5931768,0.00015928,0.00019777,0.2950932,0.00015858,0.00019689
high_dim_parity,rbf_svm,baseline_sklearn,5,0.4888,0.00841576,0.01044938,0.4887282,0.00838244,0.01040801,20,0.0,0.0,0.0,0.0,0.0,1.3825784,0.02156777,0.02677949,1.3825784,0.02156777,0.02677949,0.0,0.0,0.0,0.0,0.0,0.0,2.7474936,0.00108262,0.00134423
high_dim_parity,mlp,baseline_sklearn,5,0.4941,0.01928212,0.02394152,0.486736,0.01431881,0.01777886,20,0.0,0.0,0.0,0.0,0.0,5.7181398,1.19340554,1.48178462,5.7181398,1.19340554,1.48178462,0.0,0.0,0.0,0.0,0.0,0.0,7.970464,0.0100952,0.01253464
high_dim_parity,torch_mlp,baseline_torch,5,0.5189,0.01493904,0.01854897,0.5181962,0.0153138,0.01901428,20,0.0,0.0,,,,,,,1.6982588,0.04894618,0.06077373,,,,,,,19.898368,0.0,0.0
high_rank_noise,amplitude,qie_sklearn,5,0.795,0.01430035,0.01775594,0.794937,0.01432538,0.01778701,256,0.0,0.0,0.0391314,0.02749865,0.03414352,0.2255684,0.11855625,0.14720464,0.2646998,0.14087507,0.17491666,0.15193698,0.04911502,0.06098337,21.026552,0.0,0.0,0.2495326,0.00016272,0.00020204
high_rank_noise,angle,qie_sklearn,5,0.78,0.01674813,0.02079522,0.7799522,0.0167657,0.02081703,400,0.0,0.0,0.214309,0.06353047,0.07888222,0.4414096,0.19365578,0.24045151,0.6557186,0.21661262,0.26895572,0.33930764,0.10563523,0.13116133,44.805776,0.0,0.0,0.2835982,0.00052251,0.00064877
high_rank_noise,basis,qie_sklearn,5,0.699,0.01461164,0.01814245,0.6986942,0.01446189,0.01795651,1600,0.0,0.0,0.1842028,0.07953248,0.09875101,2.0243384,0.8123655,1.00866861,2.2085412,0.80932813,1.00489728,0.09257025,0.04591196,0.0570063,67.206514,0.0,0.0,51.8539372,0.00278142,0.00345353
high_rank_noise,amplitude_torch,qie_torch,5,0.798,0.01504992,0.01868664,0.7979424,0.01507016,0.01871177,256,0.0,0.0,,,,,,,11.4420374,9.09712326,11.29538694,,,,,,,0.0938686,0.00034626,0.00042993
high_rank_noise,angle_torch,qie_torch,5,0.7906,0.01837934,0.02282059,0.7904216,0.01853913,0.023019,400,0.0,0.0,,,,,,,6.11828,2.90326709,3.60482366,,,,,,,0.0261754,0.00050722,0.00062979
high_rank_noise,basis_torch,qie_torch,5,0.7066,0.01684636,0.02091718,0.7062416,0.01671163,0.02074989,1600,0.0,0.0,,,,,,,8.5270082,6.21775762,7.72024037,,,,,,,0.010844,0.00021678,0.00026916
high_rank_noise,raw_linear,baseline_sklearn,5,0.7908,0.01569076,0.01948234,0.790737,0.01570635,0.0195017,200,0.0,0.0,0.0254988,0.00492931,0.00612045,0.0685538,0.01123699,0.01395235,0.0940522,0.01067363,0.01325285,0.27311798,0.05265667,0.06538083,8.073482,7.637e-05,9.482e-05,0.2193412,0.00033087,0.00041082
high_rank_noise,rff,baseline_sklearn,5,0.696,0.01919635,0.02383503,0.6959346,0.01917227,0.02380513,400,0.0,0.0,0.456875,0.17886723,0.22208939,0.4683032,0.21522527,0.26723313,0.9251782,0.37499753,0.46561337,0.49924624,0.07616908,0.09457487,19.9201444,0.00014182,0.00017609,0.276595,0.00026643,0.00033081
high_rank_noise,poly2,baseline_sklearn,5,0.6486,0.01409965,0.01750674,0.6481718,0.01421278,0.01764722,20300,0.0,0.0,55.2878288,69.57987108,86.39341737,2.9810096,1.62838692,2.02187657,58.2688386,71.20433576,88.41042392,0.92516681,0.02470377,0.03067329,1383.0085776,0.00011797,0.00014647,6.7840744,0.00015481,0.00019222
high_rank_noise,pca,baseline_sklearn,5,0.7918,0.0160686,0.01995148,0.7917418,0.01607491,0.01995931,199,0.0,0.0,0.923143,1.24857776,1.55028887,0.7745362,1.23978552,1.53937203,1.697679,2.48179382,3.08150397,0.57773659,0.16433659,0.20404752,8.355698,7.637e-05,9.482e-05,0.2166712,0.00011074,0.0001375
high_rank_noise,rbf_svm,baseline_sklearn,5,0.7952,0.00925743,0.01149443,0.7950826,0.00931404,0.01156472,200,0.0,0.0,0.0,0.0,0.0,4.9258462,2.40367511,2.98450836,4.9258462,2.40367511,2.98450836,0.0,0.0,0.0,0.0,0.0,0.0,12.8481562,8.009e-05,9.945e-05
high_rank_noise,mlp,baseline_sklearn,5,0.7842,0.01666433,0.02069117,0.7839762,0.01665861,0.02068406,200,0.0,0.0,0.0,0.0,0.0,3.2830112,0.95143399,1.18134214,3.2830112,0.95143399,1.18134214,0.0,0.0,0.0,0.0,0.0,0.0,19.0422028,0.00153036,0.00190017
high_rank_noise,torch_mlp,baseline_torch,5,0.7774,0.01983179,0.02462402,0.7773566,0.01984171,0.02463633,200,0.0,0.0,,,,,,,17.8168682,6.95719127,8.63835359,,,,,,,0.0139474,0.00022881,0.0002841
covertype,amplitude,qie_sklearn,5,0.5865,0.00324191,0.0040253,0.2133732,0.00293956,0.00364988,64,0.0,0.0,0.01166,0.00050948,0.0006326,12.9562668,1.24828226,1.54992196,12.967927,1.24842553,1.55009985,0.00090482,8.518e-05,0.00010577,55.36244,0.0,0.0,5.3063918,0.00355991,0.00442013
covertype,angle,qie_sklearn,5,0.72544,0.0043558,0.00540835,0.5373516,0.01512223,0.01877642,108,0.0,0.0,0.0742304,0.02683886,0.0333243,45.8310268,4.38477293,5.44432624,45.9052574,4.41040422,5.47615117,0.00158945,0.00039274,0.00048764,120.962416,0.0,0.0,5.3827288,0.00314837,0.00390915
covertype,basis,qie_sklearn,5,0.72428,0.00493477,0.00612723,0.555027,0.01107403,0.01375,432,0.0,0.0,0.1244818,0.16460771,0.20438415,52.2187848,5.02105294,6.23435938,52.3432668,5.14460901,6.38777201,0.00222005,0.00271024,0.00336515,181.443082,0.0,0.0,144.2884654,0.00232475,0.00288651
covertype,amplitude_torch,qie_torch,5,0.52548,0.00426462,0.00529514,0.1751986,0.0061481,0.00763375,64,0.0,0.0,,,,,,,4.9161398,0.24633281,0.30585761,,,,,,,32.449024,0.0,0.0
covertype,angle_torch,qie_torch,5,0.71942,0.0055459,0.00688603,0.4958964,0.02027279,0.02517159,108,0.0,0.0,,,,,,,4.84639,0.17301962,0.21482874,,,,,,,41.26464,0.0,0.0
covertype,basis_torch,qie_torch,5,0.71048,0.00566851,0.00703827,0.5243502,0.0175518,0.02179308,432,0.0,0.0,,,,,,,4.847577,0.25599403,0.31785341,,,,,,,106.270208,0.0,0.0
covertype,raw_linear,baseline_sklearn,5,0.72,0.00323574,0.00401763,0.5219734,0.01285019,0.01595536,54,0.0,0.0,0.0113416,0.00079112,0.00098229,14.8207424,1.79611388,2.2301337,14.832084,1.79678291,2.23096441,0.00076965,6.241e-05,7.75e-05,21.6700852,4.518e-05,5.61e-05,5.266338,0.00380588,0.00472554
covertype,rff,baseline_sklearn,5,0.71196,0.00470829,0.00584602,0.5034368,0.00652458,0.0081012,108,0.0,0.0,0.1728432,0.03490828,0.04334365,9.7304032,1.74308875,2.16429538,9.9032468,1.71951074,2.13501989,0.01820469,0.00656071,0.00814607,51.96418,8.82e-05,0.00010951,5.37377,0.00130021,0.00161439
covertype,poly2,baseline_sklearn,5,0.76494,0.00392721,0.0048762,0.6486412,0.01148394,0.01425896,1539,0.0,0.0,5.2176568,5.4082383,6.7151057,927.4828854,706.91650305,877.7385119,932.7005422,711.84922093,883.8631906,0.00531861,0.00420329,0.00521898,1046.7248996,0.00013554,0.00016829,8.4239958,0.00033419,0.00041495
covertype,pca,baseline_sklearn,5,0.67078,0.00607594,0.00754415,0.3125888,0.01206875,0.01498509,53,0.0,0.0,0.0846328,0.06933569,0.08609023,72.228015,7.76571281,9.64224937,72.312648,7.78540855,9.66670447,0.00115704,0.00095217,0.00118225,21.2941444,0.00017331,0.00021518,5.2585526,0.00035362,0.00043907
covertype,rbf_svm,baseline_sklearn,5,0.7457,0.00405031,0.00502904,0.4931392,0.01253755,0.01556717,54,0.0,0.0,0.0,0.0,0.0,9.3272092,0.12015324,0.14918753,9.3272092,0.12015324,0.14918753,0.0,0.0,0.0,0.0,0.0,0.0,17.4530068,0.00010402,0.00012916
covertype,mlp,baseline_sklearn,5,0.85862,0.00825906,0.01025481,0.7784504,0.00753237,0.00935252,54,0.0,0.0,0.0,0.0,0.0,373.5671464,353.00789012,438.31006749,373.5671464,353.00789012,438.31006749,0.0,0.0,0.0,0.0,0.0,0.0,51.0898656,0.003127,0.00388262
covertype,torch_mlp,baseline_torch,5,0.8564,0.00637966,0.00792126,0.7803638,0.00916123,0.01137498,54,0.0,0.0,,,,,,,7.8508778,0.25532853,0.3170271,,,,,,,31.204352,0.0,0.0
